LEI,Entity.LegalName,Entity.LegalAddress.City,Entity.LegalAddress.Country,Registration.RegistrationStatus
001GPB6A9XPE8XJICC14,Fidelity Advisor Leveraged Company Stock Fund,BOSTON,US,LAPSED
004L5FPTUREIWK9T2N63,"Hutchin Hill Capital, LP",Wilmington,US,LAPSED
00EHHQ2ZHDCFXJCPCL46,Vanguard Fiduciary Trust Company Vanguard Russell 1000 Growth Index Trust,MALVERN,US,ISSUED
00GBW0Z2GYIER7DHDS71,"ARISTEIA CAPITAL, L.L.C.",Wilmington,US,ISSUED
00KLB2PFTM3060S2N216,Oakmark International Fund,BOSTON,US,ISSUED
00QDBXDXLLF3W3JJJO36,Prudential Investment Portfolios 18,Wilmington,US,ISSUED
00TR8NKAEL48RGTZEW89,ESG DOMESTIC OPPORTUNITY OFFSHORE FUND LTD.,Camana Bay,KY,RETIRED
00TV1D5YIV5IDUGWBW29,Ceridian Corporation Retirement Plan Trust,Wilmington,US,ISSUED
00W0SLGGVF0QQ5Q36N03,"GE Pacific-3 Holdings, Inc.",Wilmington,US,LAPSED
00X5RQKJQQJFFX0WPA53,"The Greater Morristown Young Men's Christian Association, Inc.",Cedar Knolls,US,LAPSED
00X8DSV26QKJPKUT5B34,T. Rowe Price Summit Municipal Income Fund,BALTIMORE,US,ISSUED
010CMKZ3VON21WF2ZD45,GE AVIATION CZECH S.R.O.,PRAGUE,CZ,ISSUED
010G7UHBHEI87EKP0Q97,"AQR DELTA SAPPHIRE FUND, L.P.",DOVER,US,LAPSED
010PWNH4K3BLIC3I7R03,GESTION PLACEMENTS DESJARDINS INC.,Montreal,CA,LAPSED
01370W6ZIY66KQ4J3570,GOLD COAST CAPITAL SUBSIDIARY I LIMITED,George Town,KY,ISSUED
014W5MNVD8KOIPLIND87,III Select Credit Hub Fund Ltd.,George Town,KY,ISSUED
016DGCW2COM8YUBURB67,"MEDI-PHYSICS, INC.",WILMINGTON,US,ISSUED
01E7JU5W846RIZXBMX63,LAZARD FRERES & CO QUANTITATIVE EQUITY FUND,New York,US,LAPSED
01ERPZV3DOLNXY2MLB90,"Libertyville Bank & Trust Company, National Association",Libertyville,US,ISSUED
01J4SO3XTWZF4PP38209,Trustmark Bank,Jackson,US,ISSUED
01KWVG908KE7RKPTNP46,HomeStreet Bank,Seattle,US,RETIRED
01PZ5A1XH5933KUUB187,TIFF Multi-Asset Fund,WILMINGTON,US,ISSUED
01TRDHWDCL69YP41S025,RGA INTERNATIONAL REINSURANCE COMPANY DESIGNATED ACTIVITY COMPANY,DUBLIN,IE,ISSUED
01TTJC0QULHOS23G7C64,"AG Net Lease Realty Fund, L.P.",Dover,US,RETIRED
01YA4M3ZQ45K0V190G80,NATIXIS FUNDS TRUST I,BOSTON,US,ISSUED
01ZT0X0MQPY4FB7X6597,"Stirling Bossier, L.L.C.",Covington,US,LAPSED
020BQJXAXCZNLKIN7326,IAG NEW ZEALAND LIMITED,AUCKLAND,NZ,ISSUED
02125PFFNNDK2YW74M07,iShares Global Healthcare Index ETF (CAD-Hedged),Toronto,CA,ISSUED
023VXBUMLOGQRCOPJY30,ProFunds UltraSector Bear,WILMINGTON,US,RETIRED
023Z0O828G80MF0V6P05,MERCED PARTNERS LIMITED PARTNERSHIP,WILMINGTON,US,LAPSED
024DELVYES1ONBTJWD69,Putnam Focused Equity Fund,Boston,US,ISSUED
029200013A5N6ZD0F605,AFRINVEST SECURITIES LIMITED,LAGOS,NG,ISSUED
029200028G3L5BI6D581,DIAMOND SECURITIES LIMITED,LAGOS,NG,ISSUED
029200038B4L4ZI1E579,CAPITAL BANCORP PLC,LAGOS,NG,ISSUED
029200048F0K9UI5A508,CAPITAL EXPRESS SECURITIES LTD,LAGOS,NG,ISSUED
029200050A6L6XA0G556,COWRY SECURITIES LIMITED,LAGOS,NG,LAPSED
029200067A7K6CH0H586,CENTRAL SECURITIES CLEARING SYSTEM PLC,LAGOS,NG,ISSUED
029200073F9T3DD5J993,ECL ASSET MANAGEMENT LIMITED,LAGOS,NG,ISSUED
029200086F9P0XG5J787,EUROCOMM SECURITIES LIMITED,LAGOS,NG,LAPSED
029200098C3K8BI2D551,STANBIC IBTC BANK PLC,LAGOS,NG,DUPLICATE
0292001007F9R1YAH504,FORTRESS CAPITAL LIMITED,LAGOS,NG,LAPSED
0292001018B2N4DBI146,SIGNET INVESTMENTS AND SECURITIES LTD,IKEJA LAGOS,NG,LAPSED
0292001026A4KCG0E581,ICON STOCKBROKERS LIMITED,LAGOS,NG,LAPSED
0292001036C4S8DDG272,MUTUAL ALLIANCE AND INVESTMENTS LIMITED,LAGOS,NG,LAPSED
0292001043F9K1CED562,CITI INVESTMENT CAPITAL LIMITED,IKOYI LAGOS,NG,LAPSED
0292001058D6S6ZFI330,EDC SECURITIES LIMITED,LAGOS,NG,LAPSED
0292001068F8M9VGI544,ZENITH SECURITIES LIMITED,LAGOS,NG,LAPSED
0292001076F9L1DHG532,ARTHUR STEVEN ASSET MANAGEMENT LIMITED,LAGOS,NG,LAPSED
029200107H2M7CH7C666,FSDH CAPITAL LIMITED,LAGOS,NG,ISSUED
0292001083B7P3ZID187,ASSOCIATED ASSET MANAGERS LIMITED,LAGOS,NG,LAPSED
0292001093C9N2UJD238,EDGEFIELD CAPITAL MANAGEMENT LIMITED,IKEJA LAGOS,NG,LAPSED
0292001103H8P5XAD727,IMPERIAL ASSET MANAGERS LIMITED,IKOYI LAGOS,NG,LAPSED
0292001113A2K4VBD053,APEL ASSET LIMITED,LAGOS,NG,LAPSED
0292001130A2Q5CDA023,GTI SECURITIES LIMTED,LAGOS,NG,LAPSED
0292001147J8R3BEH946,ATLANTIC SHRIMPERS LIMITED,LAGOS,NG,ISSUED
0292001156F2T0UFG565,SPRING TRUST AND SECURITIES LTD,LAGOS,NG,ISSUED
0292001167H3Q0GH7D41,CSL STOCKBROKERS LIMITED,LAGOS,NG,LAPSED
0292001178F3RHI5D836,NEIMETH INTERNATIONAL PHARMACEUTICALS PLC,LAGOS,NG,LAPSED
029200117F9M1UH5J696,INDEPENDENT SECURITIES LIMITED,LAGOS,NG,ISSUED
0292001186C6Q9DIG214,CASHVILLE INVESTMENTS AND SECURITIES LTD,LAGOS,NG,ISSUED
0292001197B7R2AJH175,PARTNERSHIP SECURITIES LIMITED,LAGOS,NG,LAPSED
0292001203H4S4WAD755,PHRONESIS SECURITIES LIMITED,LAGOS,NG,LAPSED
0292001216G8N0CBG639,INVESTMENT CENTRE LIMITED,LAGOS,NG,LAPSED
0292001228G1S0WCI668,GLOBAL ASSET MANAGEMENT NIG LTD,LAGOS,NG,ISSUED
029200122C3N8YC2D645,INVESTMENT ONE STOCKBROKERS INTL LTD,LAGOS,NG,ISSUED
0292001236A9P9DG0J48,CENTREPOINT INVESTMENTS LIMITED,LAGOS,NG,ISSUED
0292001245E9N6UEF412,CROWN CAPITAL LIMITED,LAGOS,NG,ISSUED
0292001257H8N2UFH736,MBL FINANCIAL SERVICES LIMITED,LAGOS,NG,LAPSED
0292001263B6R0XGD136,HEDGE SECURITIES AND INVESTMENTS COMPANY LIMITED,LAGOS,NG,ISSUED
0292001272D9O1HC3J91,LIGHTHOUSE ASSET MANAGEMENT LIMITED,LAGOS,NG,LAPSED
0292001288A8N0WII032,KUNDILA FINANCE SERVICES LTD,KANO,NG,ISSUED
0292001297D5OJH3F781,NIGERIAN STOCKBROKERS LIMITED,LAGOS,NG,ISSUED
0292001307C4L7DAH237,DYNAMIC PORTFOLIO LIMITED,LAGOS,NG,ISSUED
0292001310F6S6BA5G23,TRW STOCKBROKERS LIMITED,LAGOS,NG,ISSUED
0292001323F1Q3ACD554,KOFANA SECURITIES AND INVESTMENT LTD,UYO,NG,ISSUED
0292001337J5P1VDH982,MAYFIELD INVESTMENT LIMITED,LAGOS,NG,LAPSED
0292001348H8N0ZEI754,CASHCRAFT SECURITIES LTD,LAGOS,NG,LAPSED
0292001358E9S7UFI494,RESORT SECURITIES AND TRUST LIMITED,LAGOS,NG,ISSUED
0292001360E9S6ZGA402,NETWORK CAPITAL LIMITED,LAGOS,NG,ISSUED
0292001376D5S9VHG314,FIRST INTEGRATED CAPITAL MANAGEMENT LIMITED,IKEJA,NG,ISSUED
0292001376F6T9DHG583,SPRINGBSPRINGBOARD TRUST AND INVESTMENT LTD,LAGOS,NG,ISSUED
029200137F2K8AH5C573,CAPITAL ASSETS LIMITED,LAGOS,NG,ISSUED
0292001381F1R1IB5B85,STANBIC IBTC STOCKBROKERS LIMITED,LAGOS,NG,ISSUED
0292001387C8O6VIH250,MAXIFUND INVESTMENTS AND SECURITIES PLC,LAGOS,NG,LAPSED
0292001396D5R9CJG339,ROYAL GUARANTY AND TRUST LIMITED,LAGOS,NG,ISSUED
0292001398F7K0YJI588,TRADELINK SECURITIES LTD,LAGOS,NG,LAPSED
0292001403A8O1VAD085,CORDROS CAPITAL LIMITED,LAGOS,NG,ISSUED
0292001407F6K0YAH588,RAINBOW SECURITIES AND INVESTMENT CO LTD,LAGOS,NG,ISSUED
029200140H7L9YA7H589,MARINA SECURITIES STOCKBROKING SERVICES LIMITED,LAGOS,NG,ISSUED
0292001416A2Q7DBG007,MORGAN CAPITAL SECURITIES LIMITED,LAGOS,NG,LAPSED
0292001418H7S9VBI781,TRADERS TRUST AND INVESTMENT CO LTD,LAGOS,NG,LAPSED
0292001427F6K7ACH512,CAMRY SECURITIES LIMITED,LAGOS,NG,LAPSED
0292001427H0P4XCH734,PINEFIELDS INVESTMENT SERVICES LIMITED,ABA,NG,ISSUED
0292001436A4KDG0E577,ICON STOCKBROKERS LIMITED,LAGOS,NG,DUPLICATE
0292001447G0O6UEH654,MBC SECURITIES LTD,LAGOS,NG,ISSUED
0292001458B2O3XFI179,LEAD SECURITIES AND INVESTMENT LIMITED,LAGOS,NG,LAPSED
0292001468G1O5XGI613,NEW PRUDENTIAL MORTGAGE BANK LTD,LAGOS,NG,LAPSED
0292001478B3R6B8HI82,EFCP LIMITED,LAGOS,NG,DUPLICATE
0292001488E5K9VII448,ZION STOCKBROKERS AND SECURITIES LTD,LAGOS,NG,ISSUED
0292001497F9R2ZJH523,FBC TRUST AND SECURITIES LTD,LAGOS,NG,ISSUED
0292001503F2S3CAD579,CHARTWELL SECURITIES LIMITED,LAGOS,NG,ISSUED
0292001518G9K5YBI667,FBN SECURITIES LIMITED,LAGOS,NG,ISSUED
0292001528C0T2VCI235,TRUSTHOUSE INVESTMENTS LIMITED,LAGOS,NG,ISSUED
0292001537D8P1DDH371,UNEX CAPITAL LIMITED,LAGOS,NG,LAPSED
0292001543G4S7CED690,GREENWICH SECURITIES LTD,LAGOS,NG,LAPSED
0292001558H4R9DFI732,ICMG SECURITIES LIMITED,LAGOS,NG,ISSUED
0292001568C3M3WGI292,ARM SECURITIES LTD,LAGOS,NG,ISSUED
029200156B8S2G1I9C02,NIGERIAN INTERNATIONAL SECURITIES LIMITED,LAGOS,NG,LAPSED
0292001577B5L4VHH124,ANCHORAGE SECURITIES AND FINANCE LIMITED,LAGOS,NG,LAPSED
0292001587J4M0YIH925,TOMIL TRUST LIMITED,LAGOS,NG,ISSUED
0292001593F7O1BJD562,INVESTMENT SHARK AND ASSET MANAGEMENT LIMITED,LAGOS,NG,ISSUED
0292001608H4N1VAI748,ENTERPRISE STOCKBROKERS PLC,LAGOS,NG,LAPSED
0292001615F0O0WF5A05,PYRAMID SECURITIES LIMITED,LAGOS,NG,ISSUED
0292001629A3Q7XJ0D13,SFC SECURITIES LIMITED,LAGOS,NG,ANNULLED
0292001629A3Q7XJ0D19,SFC SECURITIES LIMITED,LAGOS,NG,LAPSED
029200162D5Q8ZC3F843,SKYVIEW CAPITAL LIMITED,LAGOS,NG,LAPSED
0292001648C8T6BI2I15,TRANSWORLD INVESTMENT AND SECURITIES LIMITED,LAGOS,NG,ISSUED
0292001658A8K6DI0I96,FIDELITY FINANCE COMPANY LIMITED,LAGOS,NG,ISSUED
0292001668E6S7ZI4G80,PIVOT CAPITAL LIMITED,LAGOS,NG,ISSUED
0292001678F2M2YI5C67,ROYAL TRUST SECURITIES LIMITED,LAGOS,NG,LAPSED
0292001684F9TE5J9417,CAPITAL TRUST BROKERS LIMITED,LAGOS,NG,ANNULLED
0292001684F9TE5J9472,CAPITAL TRUST BROKERS LIMITED,LAGOS,NG,ISSUED
0292001697C5S3YH2F51,RENCAP SECURITIES NIGERIA LIMITED,VICTORIA ISLAND,NG,ISSUED
0292001707J6S5UH9G04,EXPRESS PORTFOLIO SERVICES LIMITED,KADUNA,NG,ISSUED
0292001715H8L9YF7I57,PILOT SECURITIES LIMITED,LAGOS,NG,ISSUED
0292001724A0L2AE0A68,TOWER ASSETS MANAGEMENT LIMITED,ABUJA,NG,LAPSED
0292001728J8L8WI9I19,PROMINENT SECURITIES LIMITED,LAGOS,NG,ISSUED
0292001733F9T2DD5J88,EQUITY CAPITAL SOLUTIONS LIMITED,LAGOS,NG,ISSUED
0292001746H8S8UG7I22,UNION CAPITAL MARKETS LIMITED,LEKKI,NG,ISSUED
029200175G8T2BF6I936,SMADAC SECURITIES LIMITED,LAGOS,NG,LAPSED
0292001765F4T9VF5E37,GRUENE CAPITAL LIMITED,LAGOS,NG,ISSUED
0292001776A2Q6BG0C89,CORE TRUST AND INVESTMENT LIMITED,LAGOS,NG,LAPSED
0292001788C3N5UI2D42,DOMINION TRUST LIMITED,LAGOS,NG,LAPSED
0292001790F2R1VA5C32,PLANET CAPITAL LIMITED,LAGOS,NG,LAPSED
0292001807C9M7ZH2J15,LONGTERM GLOBAL CAPITAL LIMITED,LAGOS,NG,LAPSED
0292001813C5N4CD2F81,EXPRESS DISCOUNT ASSET MANAGEMENT LIMITED,LAGOS,NG,LAPSED
0292001827F0O9UH5A25,DE-LORDS SECURITIES LIMITED,LAGOS,NG,ISSUED
0292001838G8M7YI6I18,ROYAL CREST FINANCE LIMITED,LAGOS,NG,ISSUED
0292001841J8K4CB9I82,AFRICAN ALLIANCE STOCKBORKERS LIMITED,LAGOS,NG,LAPSED
0292001858D6P0XI3G45,GIDAUNIYA INVESTMENT AND SECURITIES LIMITED,KANO,NG,LAPSED
0292001868F6N5VI5G15,GUARANTY TRUST BANK PLC,LAGOS,NG,ISSUED
0292001874A0N3YE0A92,LAMBETH TRUST AND INVESTMENT COMPANY LIMITED,LAGOS,NG,LAPSED
029200187H5Q8XH7F882,SOLID-ROCK SECURITIES AND INVESTMENT PLC,LAGOS,NG,LAPSED
0292001886C8T5XG2I69,GLOBALVIEW CAPITAL LIMITED,LAGOS,NG,LAPSED
0292001892G7M4VC6H63,KEDARI CAPITAL LIMITED,LAGOS,NG,LAPSED
0292001905D1O6DF3B24,SECURITIES AFRICA FINANCIAL LIMITED,LAGOS,NG,LAPSED
0292001912A4R7C0E894,HARMONY SECURITIES LIMITED,LAGOS,NG,LAPSED
0292001926H0K6VG7A05,HERITAGE CAPITAL MARKETS LIMITED,LAGOS,NG,LAPSED
0292001938G1M0YI6B07,STACO INSURANCE PLC,LAGOS,NG,LAPSED
029200193E9L4YD4J522,UBA SECURITIES LIMITED,LAGOS,NG,LAPSED
0292001948F8SI5I9871,GUINEA INSURANCE PLC,LAGOS,NG,LAPSED
0292001957C2T2DH2C82,INFINITY TRUST MORTGAGE BANK PLC,ABUJA,NG,LAPSED
0292001968C0R2Y6I295,EL-ELYON ALLIANCE AND SECURITIES LIMITED,LAGOS,NG,LAPSED
0292001972C8T4ZC2I30,TYNDALE SECURITIES LIMITED,LAGOS,NG,LAPSED
0292001987H9L5UH7J52,HEARTBEAT INVESTMENT LIMITED,LAGOS,NG,LAPSED
0292001997C8L2YH2I58,READINGS INVESTMENTS LIMITED,LAGOS,NG,LAPSED
0292002003B5D1F3B500,NIGERIAN BREWERIES PLC,LAGOS,NG,ANNULLED
0292002018G5L0UI6F40,CORNERSTONE INSURANCE PLC,LAGOS,NG,LAPSED
0292002026C7P9WG2H69,UACN PROPERTY DEVELOPMENT COMPANY PLC,LAGOS,NG,LAPSED
0292002038A3S2DI0D77,FINMAL FINANCE SERVICES LIMITED,ABUJA,NG,LAPSED
0292002048G2Q3XI6C20,NOVA FINANCE AND SECURITIES LIMITED,LAGOS,NG,LAPSED
0292002058F3N8DI5D68,INTEGRATED TRUST AND INVESTMENT LIMITED,LAGOS,NG,LAPSED
0292002067E3RH4D8768,UNITED BANK FOR AFRICA PLC,LAGOS,NG,ISSUED
0292002076G9S2G6J956,CAPITAL HOTELS PLC,ABUJA,NG,LAPSED
0292002087D4NH3E6743,FLOUR MILLS OF NIGERIA PLC,LAGOS,NG,ISSUED
029200208G8P7WI6I763,WSTC FINANCIAL SERVICES LIMITED,LAGOS,NG,ISSUED
0292002098B6I1G8B633,Securities Africa Limited,Hamilton,BM,LAPSED
0292002102E1R1UC4B30,AB MICROFINANCE BANK NIGERIA LIMITED,LAGOS,NG,LAPSED
0292002116J2L2G9C548,NETWORTH SECURITIES AND FINANCE LIMITED,LAGOS,NG,ISSUED
0292002125E9P7ZF4J46,PAC SECURITIES LIMITED,LAGOS,NG,ISSUED
0292002138H8MI7I6835,ARBICO PLC,LAGOS,NG,ISSUED
0292002147B1QH1B8701,AFRICAN ALLIANCE INSURANCE PLC,LAGOS,NG,ANNULLED
0292002158E0MI4A6894,R T BRISCOE NIGERIA PLC,LAGOS,NG,LAPSED
0292002168G0R1WI6A59,CONSOLIDATED HALLMARK INSURANCE PLC,LAGOS,NG,ISSUED
0292002173F4KD5E5347,NESTLE NIGERIA PLC,LAGOS,NG,ISSUED
0292002188G7K0UI6H93,C I LEASING PLC,LAGOS,NG,LAPSED
029200218B6P4D8I1G47,MERISTEM STOCKBROKERS LIMITED,LAGOS,NG,ISSUED
0292002192H7C7H2H732,GUINNESS NIGERIA PLC,IKEJA,NG,ISSUED
0292002207B1QH1B8722,AFRICAN ALLIANCE INSURANCE PLC,LAGOS,NG,LAPSED
0292002213B5D1F3B525,NIGERIAN BREWERIES PLC,LAGOS,NG,LAPSED
0292002223E9K7BD4J19,AFRICA PRUDENTIAL PLC,LAGOS,NG,ISSUED
029200222D9S2BC3J917,CARDINALSTONE SECURITIES LIMITED,LAGOS,NG,ISSUED
0292002246D7PG3H7691,LIVESTOCK FEEDS PLC,LAGOS,NG,ISSUED
0292002255H8L2CF7I74,DUNN LOREN MERRIFIELD SECURITIES LIMITED,MARINA,NG,LAPSED
0292002268F4K6ZI5E69,AGRO TRADERS LIMITED,AKURE,NG,LAPSED
0292002270F2T5DA5C33,PLANTATION INDUSTRIES LIMITED,AKURE,NG,ISSUED
0292002282G8R2C6I885,PORTLAND PAINTS AND PRODUCTS NIGERIA PLC,LAGOS,NG,LAPSED
0292002296E7G4H6E736,UAC OF NIGERIA PLC,LAGOS,NG,ISSUED
029200230F6K6Z1F5G39,LEADWAY CAPITAL AND TRUSTS LIMITED/SIM CAPITAL ALLIANCE VALUE FUND,LAGOS,NG,LAPSED
0292002317A4R1YH0E14,SUNTRUST BANK NIGERIA LIMITED,VICTORIA ISLAND,NG,LAPSED
0292002322D4KC3E5246,AIICO INSURANCE PLC,VICTORIA ISLAND,NG,ISSUED
0292002365F8L0XF5I46,ETRANZACT INTERNATIONAL PLC,VICTORIA ISLAND,NG,ISSUED
029200237D6N4H3G6E37,NEWDEVCO INVESTMENT AND SECURITIES COMPANY LIMITED,KADUNA,NG,LAPSED
029200238F8L0Z95I549,DANGOTE FLOUR MILLS PLC,LAGOS,NG,LAPSED
029200239B8P7V6L1I90,PARTHIAN PARTNERS LIMITED,LAGOS,NG,ISSUED
0292002400F3TA5D9063,AIC LIMITED,IBADAN,NG,LAPSED
0292002418B9S5C6I144,ARM INVESTMENT MANAGERS LIMITED,IKOYI,NG,ISSUED
0292002422D9O3VC3J74,CARDINALSTONE PARTNERS LIMITED,IKOYI,NG,ISSUED
029200243B7R7U7F1H07,ELIXIR ASSET MANAGEMENT LIMITED,LAGOS,NG,LAPSED
029200244B7K4Y2I1H10,ELIXIR SECURITIES LIMITED,LAGOS,NG,LAPSED
029200245E7L24H5CE39,LINKUP INVESTMENTS LIMITED,IBADAN,NG,LAPSED
029200246B8T4Z2E1I05,ELIXIR INVESTMENT PARTNERS LIMITED,VICTORIA ISLAND,NG,LAPSED
029200247V0K1R7A5B02,SHELL NIG. CLOSED PENSION FUND ADMINISTRATOR LTD,LAGOS,NG,LAPSED
0292002488F5RI5F8875,BERGER PAINTS NIGERIA PLC,IKEJA,NG,ISSUED
029200248G4K0AI6E516,MAGNARTIS FINANCE AND INVESTMENT LTD,LAGOS,NG,ISSUED
0292002507C4T7VH2E72,AMNI INTERNATIONAL PETROLEUM DEVELOPMENT COMPANY LIMITED,LAGOS,NG,LAPSED
0292002518C1T1Z3I205,INVESTAT CAPITAL MANAGEMENT LIMITED,LEKKI,NG,LAPSED
0292002520F7S7YA5H95,VETIVA FUND MANAGERS LIMITED,LAGOS,NG,ISSUED
0292002536B2P9XG1C30,FIRST CITY ASSET MANAGEMENT LIMITED,LAGOS,NG,ISSUED
0292002546E2L9YG4C16,WEBB ENERGY LIMITED,ABUJA,NG,LAPSED
0292002558B1M4D4I186,NSL CAPITAL PARTNERS LIMITED,LAGOS ISLAND,NG,LAPSED
029200256B5R1D1G1F13,COMERCIO PARTNERS,VICTORIA ISLAND,NG,ISSUED
029200257B5S7X3J1F35,COMERCIO PARTNERS ASSET MANAGEMENT,VICTORIA ISLAND EXTENSION,NG,ISSUED
0292002583C6S2ZD2G22,VETIVA SECURITIES LIMITED,LAGOS,NG,ISSUED
029200258F9S9WI5J946,SECURITIES AND CAPITAL MANAGEMENT COMPANY LIMITED,LAGOS,NG,LAPSED
0292002595F3Q7UF5D85,VETIVA CAPITAL MANAGEMENT LIMITED,LAGOS,NG,ISSUED
029200261G6Q56G8FG36,UNION BANK OF NIGERIA PLC,LAGOS,NG,LAPSED
0292002628D6N7A6I340,OOHRHII GLOBAL SERVICES LTD,IBADAN,NG,LAPSED
0292002658J9P5CI9J88,FSDH MERCHANT BANK LIMITED,LAGOS ISLAND,NG,ISSUED
029200268F8M5YI5I629,ZENITH BANK PLC,LAGOS,NG,ISSUED
0292002698C7O8D8I276,GERGETI LIMITED,LAGOS,NG,ISSUED
0292002717G4T0CH6E65,FBNQUEST MERCHANT BANK LIMITED,IKOYI,NG,LAPSED
029200272C8R6X82I858,CORONATION MERCHANT BANK LIMITED,LAGOS,NG,ISSUED
029200273B1P7D1B7H95,TRANS-NATIONWIDE EXPRESS PLC,LAGOS,NG,LAPSED
029200283J1LD9B53J33,NEM INSURANCE PLC,LAGOS,NG,ISSUED
029200298A5K5WI0F567,FIDELITY BANK PLC,LAGOS,NG,ISSUED
029200302D4K9BC3E535,NIGERIA INTERNATIONAL BANK NOMINEES LIMITED,LAGOS,NG,RETIRED
0292003053E9T6XD4J69,ZENITH NOMINEES LIMITED,LAGOS,NG,ISSUED
029200312A6K5CC0G563,UBA NOMINEE LIMITED,LAGOS,NG,LAPSED
029200324B5N5B01F690,AXA MANSARD INSURANCE PLC,LAGOS,NG,ISSUED
029200325G5L3B56F539,FIRST PENSION CUSTODIAN NIGERIA LIMITED,IKOYI,NG,ISSUED
0292003272D0K9BC3A91,VETIVA TRUSTEES LIMITED,LAGOS,NG,ISSUED
029200328C3N9YI2D660,ACCESS BANK PLC,LAGOS,NG,ISSUED
0292003338A5N7X3I053,EDC FUND MANAGEMENT LIMITED,LAGOS,NG,LAPSED
029200334G7R8B36H825,ZENITH PENSIONS CUSTODIAN LIMITED,LAGOS,NG,LAPSED
0292003353D9N2VD3J76,ZENITH ASSETS MANAGEMENT LIMITED,VICTORIA ISLAND,NG,LAPSED
029200337A6RH0G87A49,AFROMEDIA PLC,LAGOS,NG,LAPSED
0292003388F7P1D0I505,HEIRS ENERGIES LIMITED,VICTORIA ISLAND,NG,ISSUED
0292003393D9O8VD3J60,ZENITH CAPITAL LIMITED,VICTORIA ISLAND,NG,LAPSED
0292003408E4S8W8I421,GLAMSHIRE INVESTMENTS LIMITED,LAGOS,NG,LAPSED
0292003415E8N0UF4I92,ECOBANK DEVELOPMENT COMPANY LIMITED,VICTORIA ISLAND,NG,LAPSED
0292003420A1T0UA0B05,INDORAMA ELEME FERTILIZER & CHEMICALS LIMITED,PORT HARCOURT,NG,ISSUED
0292003438D9L2ZI3J57,INVESTORS AND TRUST COMPANY LIMITED,LAGOS,NG,ISSUED
029200343C4N7D2E6H83,CITIBANK NIGERIA LIMITED,VICTORIA ISLAND,NG,ISSUED
0292003440E3M3A4D637,UNITY BANK PLC,LAGOS,NG,ISSUED
0292003453H4K4UD7E71,AFRINVEST ASSET MANAGEMENT LIMITED,LAGOS,NG,ISSUED
0292003467F8Q2AH5I17,CHAPEL HILL DENHAM MANAGEMENT LIMITED,IKOYI,NG,LAPSED
0292003478D0L4U8I307,CHAPEL HILL DENHAM ADVISORY LIMITED,IKOYI,NG,LAPSED
029200348G1Q66B8GG83,ZENITH GENERAL INSURANCE COMPANY LIMITED,LAGOS,NG,LAPSED
029200349B6N0U9J1G94,RMB NIGERIA STOCKBROKERS LIMITED,VICTORIA ISLAND,NG,LAPSED
0292003518C9N5Y2I221,DELEON INVESTMENT AND ASSETS MANAGEMENT LIMITED,LEKKI,NG,LAPSED
0292003528E5M8V9I405,FINONE TECHNOLOGIES LIMITED,LAGOS,NG,LAPSED
0292003537G7M0WH6H47,AFRINVEST (WEST AFRICA) LIMITED,IKOYI,NG,LAPSED
0292003540H0S4VA7A50,FIRST ASSET MANAGEMENT LIMITED,LAGOS,NG,ISSUED
029200355B5N3V4F1F58,PSL CAPITAL LIMITED,LAGOS,NG,ISSUED
029200356G8T9W46I910,BONO ENERGY LIMITED,ABUJA,NG,ISSUED
0292003578A1M0Y8I087,AFFINITI CAPITAL MANAGEMENT LIMITED,LEKKI,NG,LAPSED
029200357C5T3AH2F910,REGENCY ALLIANCE INSURANCE PLC,LAGOS,NG,LAPSED
0292003588E2O0Z8I421,CREDENT INVESTMENT MANAGERS LTD,ABUJA,NG,LAPSED
0292003592F9Q8AC5J17,LEAD ASSET MANAGEMENT LIMITED,LAGOS,NG,ISSUED
0292003601E9LB4J5157,FIRST NOMINEES NIGERIA LIMITED,LAGOS,NG,ISSUED
029200361B4P6B2F1E58,CREDENT CAPITAL AND ADVISORY LIMITED,ABUJA,NG,LAPSED
0292003626J3K6UG9D04,MTN NIGERIA COMMUNICATIONS PLC,IKOYI,NG,ISSUED
029200363B3O4C4E1D09,DANE INVESTMENTS LIMITED,LAGOS,NG,ISSUED
029200364B3Q4E1D8E27,RAK UNITY PETROLEUM PLC,LAGOS,NG,LAPSED
029200364B8N6X9F1I18,RAND MERCHANT BANK NIGERIA LIMITED,VICTORIA ISLAND,NG,ISSUED
029200365G8K6D16I536,LOTUS CAPITAL LIMITED,IKOYI,NG,ISSUED
029200366B7N0U0E1H59,EROTON EXPLORATION AND PRODUCTION COMPANY LIMITED,LAGOS,NG,LAPSED
0292003678F3M2X5I579,RMB NIGERIA NOMINEES LIMITED,LAGOS,NG,ISSUED
0292003685C4O2YF2E03,ENERGIA LIMITED,LAGOS,NG,ISSUED
0292003695D0S7WF3A12,DUFIL PRIMA FOODS PLC,SURULERE,NG,LAPSED
029200370B2O2ZA1C754,FBN HOLDINGS PLC,LAGOS,NG,ISSUED
029200370C9R1X2J8B30,FBNQUEST TRUSTEES LIMITED,LAGOS,NG,ISSUED
0292003713E6O0AD4G79,MAINSTREET BANK CAPITAL LIMITED,LAGOS,NG,ISSUED
0292003728E9K1CI4J66,CITYCODE TRUST AND INVESTMENT LIMITED,LAGOS,NG,LAPSED
0292003737D4P1AH3E44,EFG HERMES NIGERIA LIMITED,LAGOS,NG,ISSUED
029200374B0P4B01A716,ROSTRUM INVESTMENT AND SECURITIES LIMITED,LAGOS,NG,ISSUED
029200375F8R6Z75I827,TRUSTBANC CAPITAL MANAGEMENT LIMITED,VICTORIA ISLAND,NG,ISSUED
0292003768D9N8AI3J94,FSL SECURITIES LTD,VICTORIA ISLAND,NG,LAPSED
029200377B3N0X3L1D94,ALONATI IDB LIMITED,LAGOS,NG,ISSUED
029200378B3O1B9I1D22,TITAN TRUST BANK LIMITED,VICTORIA ISLAND,NG,LAPSED
0292003798B1N8U8I122,BELUGA ENERGY LIMITED,LAGOS,NG,LAPSED
0292003818A1T1X5I052,FCMB GROUP PLC,LAGOS,NG,LAPSED
0292003823C8T7UD2I52,FCMB PENSIONS LIMITED,ABUJA,NG,ISSUED
0292003838F1R9C8I593,MAI AND NEL LTD,LAGOS,NG,LAPSED
0292003846E3R0XG4D42,GTI ASSET MANAGEMENT AND TRUST LIMITED,LAGOS ISLAND,NG,LAPSED
029200385F9R0X5J8A26,ECOBANK NIGERIA LIMITED,VICTORIA ISLAND,NG,DUPLICATE
0292003868E7K2B6I423,DER ZUWACHS CREST CAPITAL LIMITED,LAGOS,NG,LAPSED
0292003873E0K6YD4A95,GLOBAL SPECTRUM SERVICES PLC,MAITAMA,NG,LAPSED
0292003883D4O2XD3E55,ACCESS PENSION FUND CUSTODIAN LTD,LAGOS,NG,LAPSED
029200388A7S7Z5I0H57,STANBIC IBTC HOLDINGS PLC,LAGOS,NG,ISSUED
0292003898E7N8V6I421,NOVA COMMERCIAL BANK LIMITED,LAGOS,NG,LAPSED
0292003906D6L4VG3G39,YUDERB INVESTMENTS AND SECURITIES LIMITED,LAGOS,NG,ISSUED
0292003918F3N6B5I511,FSDH HOLDING COMPANY LIMITED,LAGOS,NG,LAPSED
0292003928C0S5A4I271,SIX THOUSAND INVESTMENTS LIMITED,LAGOS,NG,LAPSED
0292003931H3L6XB7D80,WOSBAB ENERGY SOLUTION NIGERIA LIMITED,LAGOS,NG,LAPSED
0292003946H7N9CG7H42,TECHINVEST LIMITED,LAGOS,NG,LAPSED
0292003950B8L3XA1I72,PURE FLOUR MILLS LIMITED,SURULERE,NG,LAPSED
0292003967C9R5XH2J81,DE UNITED FOODS INDUSTRIES LIMITED,SURULERE,NG,LAPSED
029200396H3K1YG7D555,STANBIC NOMINEES NIGERIA LIMITED,LAGOS,NG,ISSUED
029200397C7S92H9JC43,MEYER PLC,LAGOS,NG,ISSUED
0292003988E8Q2ZI4I20,OLAM NIGERIA LIMITED,LAGOS,NG,ISSUED
0292003996A9OG0J7619,VITAFOAM NIGERIA PLC,IKEJA,NG,ISSUED
029200400G0P56A7FG47,JULIUS BERGER NIGERIA PLC,ABUJA,NG,ISSUED
0292004013C0QD2A8305,LAW UNION AND ROCK INSURANCE PLC,LAGOS,NG,LAPSED
0292004023E8N7XD4I91,NOTORE CHEMICAL INDUSTRIES PLC.,VICTORIA ISLAND,NG,ISSUED
029200405B5L5Y9M1F79,FRANK ANOVIC OIL AND GAS NIGERIA LIMITED,WARRI,NG,LAPSED
0292004074A9M7VE0J84,MCNICHOLS CONSOLIDATED PLC,AREPO,NG,ISSUED
0292004080B2O2UA1C87,AZURA POWER WEST AFRICA LTD,LAGOS ISLAND,NG,ISSUED
029200408H7M7DI7H683,CUSTODIAN AND ALLIED PLC,LAGOS,NG,LAPSED
0292004091B1T2XB1B52,SKYMARK PARTNERS LIMITED,LEKKI,NG,ISSUED
029200412G7N0Y06H675,COURTEVILLE BUSINESS SOLUTIONS PLC,LAGOS,NG,LAPSED
0292004137E6P2WH4G93,ROYAL SALT LIMITED,IKOYI,NG,LAPSED
0292004148G4L9B3I687,MVAN CCO 1 LIMITED,LAGOS,NG,LAPSED
029200415C4Q72E8HC32,UNIVERSAL INSURANCE PLC,LAGOS,NG,LAPSED
029200416G8O2Z36I723,ELLINGTON NIGERIA LTD,LAGOS,NG,LAPSED
0292004170C8N3UA2I75,METAL MANUFACTURING NIGERIA LIMITED,GBARA,NG,ISSUED
029200417A8N7XH0I647,RED STAR EXPRESS PLC,LAGOS,NG,ISSUED
0292004188G0O8U1I658,CAFINT RESOURCES LIMITED,PORT HARCOURT,NG,LAPSED
0292004192C9S2VC2J20,RELIANCE CHEMICAL PRODUCTS LIMITED,VICTORIA ISLAND,NG,LAPSED
0292004207C8S5YH2I73,NPF MICROFINANCE BANK PLC,OBALENDE,NG,LAPSED
029200421B2S3W5N1C65,LOTUS BANK LIMITED,LAGOS,NG,ISSUED
0292004228E0L0U3I469,IKUJE EQUITY TRADING LTD,GWARINPA,NG,LAPSED
0292004238F3R6AI5D38,TIDDO SECURITIES LIMITED,FCT,NG,LAPSED
0292004248F4N2XI5E59,CALYX SECURITIES LIMITED,LAGOS,NG,LAPSED
0292004258F9P7WI5J25,GREENWICH MERCHANT BANK LIMITED,LAGOS,NG,ISSUED
0292004268H8Q5C7I717,STRUCTUREDSECURE GOLDINVEST SPV PLC,LAGOS ISLAND,NG,LAPSED
0292004278B1P9BI1B09,DAAR COMMUNICATIONS PLC,ABUJA,NG,LAPSED
0292004288A4T9A3I015,ALPHA MORGAN CAPITAL MANAGERS LIMITED,VICTORIA ISLAND,NG,LAPSED
029200428G6N7AI6G645,LINKAGE ASSURANCE PLC,LAGOS,NG,ISSUED
029200429C1N12B6BC48,DN TYRE AND RUBBER PLC,"IKEJA, LAGOS",NG,LAPSED
0292004308B8Q8D2I144,ALONATI CAPITAL LIMITED,SURULERE,NG,ISSUED
0292004318G5N7B1I676,BLACKBIRCH CAPITAL LIMITED,LAGOS,NG,ISSUED
0292004328F5M6C2I582,AFRICHANGE TECHNOLOGIES AND SERVICES NIGERIA LIMITED,ABEOKUTA,NG,LAPSED
0292004330E5P4YA4F19,LORNA NIGERIA LIMITED,LAGOS,NG,LAPSED
029200436B4L2Z9K1E70,JUMPSTART LIMITED,LAGOS,NG,LAPSED
029200436B7LG1H56B89,CEMENT COMPANY OF NORTHERN NIGERIA PLC,SOKOTO,NG,LAPSED
029200437C2O2X22C760,SUDELETTRA NIGERIA LIMITED,PORT HARCOURT,NG,LAPSED
029200438B5R4C5E1F82,SERVAPPS LIMITED,GBAGADA,NG,LAPSED
0292004392H8P3C7I743,BERACHAH CHILDREN'S ORGANIZATION,LEKKI,NG,LAPSED
0292004408E2N5C0I417,REPOHOUSE LIMITED,LEKKI,NG,ISSUED
0292004418C5P3Y6I290,CAVIDEL LIMITED,LAGOS,NG,ISSUED
0292004428B6N8Y2I119,NIGERIA MORTGAGE REFINANCE COMPANY,LAGOS,NG,ISSUED
0292004433E1P1VD4B21,CONSTANT CAPITAL MARKETS AND SECURITIES LIMITED,IKOYI,NG,ISSUED
0292004448C0N9D9I253,CRUXSTONE DEVELOPMENT AND INVESTMENT LIMITED,LEKKI,NG,LAPSED
0292004458E6L5A6I433,JAVIMA INVESTMENT LIMITED,LAGOS,NG,LAPSED
0292004469M5WJ6F7922,ABBE-JOHNSON BUSINESS CONSEPT,ABEOKUTA,NG,LAPSED
029200447B6P9B6N1G18,CORDROS SECURITIES LIMITED,LAGOS,NG,LAPSED
0292004488G9K8Y1I649,GUARANTY TRUST HOLDING COMPANY PLC,LAGOS,NG,ISSUED
029200448B5I1F8B5I87,UNILEVER NIGERIA PLC,LAGOS,NG,ISSUED
0292004498H3S7I7D920,BELFRY INVESTMENTS AND SECURITIES LIMITED,LAGOS ISLAND,NG,ISSUED
0292004508E6S2B8I491,CORDROS TRUSTEES LIMITED,IKOYI,NG,LAPSED
029200451G9P5C56J708,PAC ASSET MANAGEMENT LIMITED,LAGOS,NG,ISSUED
0292004528G9O0V8I626,XPAT MARKET SOLUTIONS AND CONSULT LIMITED,UYO,NG,LAPSED
0292004535H2Q4BF7C84,JAIZ BANK PLC,ABUJA,NG,LAPSED
0292004548H8P7U8I790,VEGA SECURITIES LIMITED,LAGOS,NG,ISSUED
0292004558B0R5B7I133,ARM TRADITIONAL ASSET MANAGEMENT LIMITED,LAGOS,NG,ISSUED
0292004568D6M9Y0I395,IBR-GLOBAL MARKETS LTD,SURULERE,NG,LAPSED
029200457B1M2Y3I1B19,MAGRAMS CAPITAL LTD,LEKKI,NG,ISSUED
0292004583F0Q1XD5A83,FORELIGHT ENERGY SOLUTIONS LIMITED,PORT HARCOURT,NG,LAPSED
029200458H6K8XI7G528,ABBEY MORTGAGE BANK PLC,LAGOS,NG,LAPSED
0292004598C8Q8Y7I294,NEVEAH LIMITED,ABUJA,NG,ISSUED
0292004638B5N7I1F648,FRIESLANDCAMPINA WAMCO NIGERIA PLC,LAGOS,NG,LAPSED
029200463E1OD4B73E33,OANDO PLC,LAGOS,NG,LAPSED
029200464B2K4D1J1C78,QUANT INVESTMENT MANAGERS LIMITED,LAGOS,NG,LAPSED
0292004658F0L2UI5A92,TECON OIL SERVICE LTD,LAGOS,NG,LAPSED
029200466J5P9U79F711,FIRST EXPLORATION AND PETROLEUM DEVELOPMENT COMPANY LIMITED,LAGOS,NG,LAPSED
0292004676F9T9ZG5J12,AUTO MERIDIAN LIMITED,LAGOS,NG,LAPSED
029200468B4N9U6G1E84,MARATHON ASSET AND FUND MANAGEMENT LIMITED,LAGOS,NG,LAPSED
0292004698H3T9Y9I711,THE OAK CAPITAL LIMITED,IKOYI,NG,LAPSED
0292004700H8Q8A7I815,PARCO ENTERPRISES NIGERIA LIMITED,LAGOS,NG,LAPSED
0292004716J3O0XG9D10,AFRICAN STEEL MILLS NIGERIA LIMITED,LAGOS,NG,LAPSED
029200472D9P1C3J7B50,CONTINENTAL REINSURANCE PLC,LAGOS,NG,LAPSED
029200473J6M8W29G674,TWININGS OVALTINE NIGERIA LIMITED,IKEJA,NG,LAPSED
0292004753C7N5UD2H36,BUA FOODS PLC,VICTORIA ISLAND,NG,LAPSED
0292004763E4T4D4E990,CROSWORLD SECURITIES LIMITED,IKOYI,NG,LAPSED
029200477B3Q3D0H1D14,DUKIA GOLD AND PRECIOUS METALS REFINING CO. LTD.,SHOMOLU,NG,ISSUED
0292004788G5N7U4I688,MANGO ASSET MANAGEMENT,IKOYI,NG,LAPSED
029200479G9K2B16J561,CDL CAPITAL MARKETS LIMITED,IKOYI,NG,LAPSED
0292004803E2T3BD4C94,HALO NIGERIA CAPITAL MANAGEMENT LIMITED,LAGOS ISLAND,NG,ISSUED
029200481C7R9C72H814,LIVINGTRUST MORTGAGE BANK PLC,OSOGBO,NG,ISSUED
0292004825A1Q7DF0B96,IHS (NIGERIA) LIMITED,VICTORIA ISLAND,NG,ISSUED
0292004831B4F0VB1E91,CLARKE ENERGY NIGERIA LTD,LAGOS,NG,LAPSED
029200484B3Q61D8GB67,CFAO MOTORS NIG LTD,LAGOS,NG,ISSUED
0292004857D6LH3G5764,NIGERIAN EXCHANGE GROUP,LAGOS,NG,LAPSED
029200485E7OF4H75E77,STUDIO PRESS NIGERIA PLC,LAGOS,NG,LAPSED
029200486B6N3X4E1G91,BASEFLUID EXCHANGES LIMITED,LAGOS,NG,LAPSED
0292004875D4M7AF3E76,FSDH ASSET MANAGEMENT LIMITED,LAGOS ISLAND,NG,ISSUED
0292004888E2L8D0I480,COVENSOFT,AJAH,NG,ISSUED
0292004905B9O1DF1J36,INTERSWITCH LIMITED,LAGOS,NG,ISSUED
0292004918J0S8WI9A13,PROVIDUS BANK LIMITED,LAGOS,NG,ISSUED
0292004926G1Q1C4G629,ARBITENCY TECHNOLOGIES,APAPA,NG,LAPSED
0292004938H0O4B6I724,QUADRATIX LIMITED,LAGOS,NG,LAPSED
0292004940E0S8WA4A57,ND WESTERN LIMITED,LAGOS,NG,ISSUED
029200494H3E7D4H3E24,WEMA BANK PLC,LAGOS,NG,ISSUED
0292004951G1Q6B6B836,MINERALITE NIGERIA LIMITED,LAGOS,NG,LAPSED
0292004968C9T0U1I206,RNDC ALLIANCE WEST AFRICA LIMITED,ABUJA,NG,LAPSED
0292004977C0S9U6H211,YELLOWKEED MUSIC COMPANY,FESTAC TOWN,NG,LAPSED
0292004988C2M4C0I253,LAGOS COMMODITIES AND FUTURES EXCHANGE,LAGOS,NG,LAPSED
0292004998A7K8C1I034,IAC GLOBAL INVESTMENT LIMITED,WUSE II,NG,LAPSED
0292005003G5R4DD6F14,SUNBETH GLOBAL CONCEPTS LIMITED,AKURE,NG,LAPSED
0292005013E6R7YD4G92,ATLAS REGISTRARS LIMITED,IGANMU SURULERE,NG,LAPSED
0292005028A0K1DI0A69,MAERSK NIGERIA LIMITED,LAGOS,NG,LAPSED
029200503B4K1Z7G1E71,MARATHON CAPITAL MARKETS LIMMITED,LAGOS,NG,LAPSED
0292005048H3P6V8I753,ACCESS HOLDINGS PLC,LAGOS,NG,ISSUED
0292005058A8S7W5I026,KONGA ONLINE NIGERIA LIMITED,GBAGADA,NG,LAPSED
0292005066G8M0G6I609,MIKANO INTERNATIONAL LIMITED,IKEJA,NG,LAPSED
0292005078D4Q6ZI3E55,NAGODE INDUSTRIES LIMITED,LAGOS,NG,LAPSED
0292005086C7T5YG2H91,PIPC SECURITIES LIMITED,JOS NORTH,NG,ISSUED
029200508J0Q4YI9A892,SECURITY SWAPS LIMITED SECURITY,LAGOS,NG,ISSUED
0292005093B3N5VD1D28,PARDEE FOODS NIGERIA LIMITED,SANGO OTTA,NG,LAPSED
0292005108G0N2C7I670,TKB CAP LTD,LEKKI,NG,ISSUED
0292005113C4P2DD2E35,COMPASS INVESTMENTS AND SECURITIES LIMITED,LAGOS,NG,ISSUED
0292005128F1P1Y9I543,FSDH NOMINEES LIMITED,LAGOS ISLAND,NG,ISSUED
0292005138H1L9Y6I738,KINLOS CAPITAL PARTNERS LIMITED,UTAKO,NG,LAPSED
0292005143D6Q0XD3G61,APM TERMINALS APAPA LTD,LAGOS,NG,LAPSED
0292005156N1C9G7G634,PRISM EDGE OPTIMUS ENTERPRISE,LEKKI,NG,LAPSED
0292005165B3LF1D5502,CADBURY NIGERIA PLC,IKEJA,NG,ISSUED
029200517B6T8C5K1G46,BPL NIGERIA LIMITED,SHAGAMU,NG,ISSUED
0292005188F9K5Z7I523,SEPLAT ENERGY OFFSHORE LIMITED,LAGOS,NG,ISSUED
029200518F3SI5D98F61,LAFARGE AFRICA PLC,LAGOS,NG,ISSUED
0292005191B3N3BB1D05,AVA SECURITIES LIMITED,IKOYI,NG,LAPSED
0292005207E3S9BH4D67,APEACHES CAPITAL LIMITED,IKOYI,NG,ISSUED
029200522B7T5V4I1H37,FIRMUS ASSET MANAGEMENT LIMITED,LEKKI,NG,LAPSED
029200522F7C5H2F7C69,NCR NIGERIA PLC,LAGOS,NG,ISSUED
0292005238A8K3AI0I55,TASK SYSTEMS LIMITED,GBAGADA,NG,LAPSED
0292005248H6R0B3I761,AYOOLA INVESTMENT MANAGEMENT LIMITED,LAGOS,NG,LAPSED
0292005253H6Q4DD7G85,GEREGU POWER PLC,LAGOS,NG,ISSUED
0292005262F9N4YC5J53,STI ASSETS MANAGEMENT LIMITED,LAGOS,NG,ISSUED
0292005278G8Q1W6I655,BAIGE CAPITAL LTD,YABA,NG,LAPSED
0292005288F5Q5W8I559,BLUESTEM CAPITAL LIMITED,LAGOS,NG,ISSUED
0292005298D6L2I3G552,BETA GLASS PLC,IDDO,NG,LAPSED
0292005308A2T4D0I006,CORDROS ASSET MANAGEMENT LIMITED,"SOUTH WEST, IKOYI",NG,ISSUED
0292005318F7T1C3I559,COMMODITIES TRADENET LIMITED,LAGOS ISLAND,NG,LAPSED
029200532B1T5Y3I1B37,ACCESS INVESTORS SERVICES NOMINEES LIMITED,VICTORIA ISLAND,NG,LAPSED
0292005338C4M4Z3I202,ANCHORIA ASSET MANAGEMENT LIMITED,IKOYI,NG,LAPSED
0292005348F3L7V6I514,STERLING FINANCIAL HOLDINGS COMPANY PLC,LAGOS,NG,LAPSED
0292005358C3N4A9I218,COMERCIO PARTNERS LIMITED,LAGOS,NG,ISSUED
0292005368B9N9B7I135,BUA CEMENT PLC,LAGOS,NG,ISSUED
0292005377B9R9VH1J12,FALCON SECURITIES LIMITED,LAGOS,NG,ISSUED
029200537B8RH1I87B38,GREAT NIGERIA INSURANCE PLC,LAGOS,NG,LAPSED
029200538B0O5X9N1A47,MUTA TECHNOLOGIES LIMITED,ABUJA,NG,LAPSED
0292005397E0L4XH4A23,PINE PETOSAN LIMITED,LAGOS,NG,ISSUED
0292005406D5S7BG3F15,RESOLUTION TRUST AND INVESTMENTS CO. LTD,LAGOS,NG,ISSUED
0292005416D5S7DG3F92,RESOLUTION SECURTIES LTD,LAGOS,NG,ISSUED
0292005420C8Q9ZA2I33,ORITSETIMEYIN LOGISTICS LIMITED,LAGOS,NG,ISSUED
0292005430F8O6VA5I15,ATLANTIS MARINE OIL AND GAS LIMITED,LAGOS,NG,ISSUED
0292005445B7TF1H9540,ARDOVA PLC,LAGOS ISLAND,NG,LAPSED
0292005458F9R0X5I582,ASSETIUM CAPITAL MANAGEMENT LIMITED,ABUJA,NG,LAPSED
0292005463G4M3ZD6E90,PORTFOLIO ADVISERS LTD,LAGOS,NG,LAPSED
029200546A9P3G0J7D77,NIGERIAN AVIATION HANDLING COMPANY PLC,LAGOS,NG,ISSUED
0292005472J7L1VC9H62,DUNBELL SECURITIES LIMITED,LAGOS,NG,ISSUED
0292005487F3L7BH5D76,FORTHRIGHT SECURITIES AND INVESTMENTS LIMITED,IKEJA,NG,LAPSED
0292005498C7P0W2I248,DEVELOPMENT BANK OF NIGERIA,ABUJA,NG,LAPSED
0292005508E3Q2W2I412,FUTUREVIEW ASSET MANAGEMENT LIMITED,LAGOS,NG,LAPSED
0292005511C9L8AB2J11,VFD GROUP PLC,LAGOS,NG,ISSUED
0292005523B9L5ZD1J39,MECURE INDUSTRIES PLC,LAGOS,NG,ISSUED
0292005532D5P9XC3F96,RADIX CAPITAL PARTNERS LIMITED,VICTORIA ISLAND,NG,LAPSED
0292005547A7Q0Y1H014,LSEF LIMITED,VICTORIA ISLAND,NG,LAPSED
029200554A7E0H4A7E41,GREIF NIGERIA PLC,LAGOS,NG,LAPSED
029200555G8S8C86I919,CRUSADERSTERLING PENSIONS LIMITED,IKOYI,NG,ISSUED
0292005561F4L1WB5E12,ECOBANK NOMINEES LIMITED,VICTORIA ISLAND,NG,ISSUED
0292005578J8L5B3I905,CONSOLIDATED HALLMARK HOLDINGS PLC,LAGOS,NG,LAPSED
0292005583F3P2ZD5D86,GZ INDUSTRIES LIMITED,AGBARA,NG,LAPSED
0292005598A2R8A1I085,SCM CAPITAL ASSET MANAGEMENT LIMITED,MARINA,NG,LAPSED
0292005603C5N4CD2F57,GDL ASSET MANAGMENT LTD,LAGOS,NG,LAPSED
0292005612D6P5C7C331,AFEX CAPITAL LIMITED,LEKKI,NG,LAPSED
0292005628A2R6Y3I060,TRANSCORP POWER PLC,LAGOS,NG,LAPSED
029200562G0K0C6A5A70,CHAMS PLC,LAGOS,NG,ISSUED
0292005638F4S6A9I508,BAMBOO SYSTEMS TECHNOLOGY LIMITED,LAGOS,NG,LAPSED
029200564G7N0Y86H603,DANGOTE SUGAR REFINERY PLC,APAPA,NG,LAPSED
0292005668F2S8U7I540,EMERGING AFRICA ASSET MANAGEMENT LIMITED,LAGOS,NG,LAPSED
0292005676C0Q0WG2A86,CRANE SECURITIES LIMITED,LAGOS,NG,LAPSED
0292005688F4T6Z6I523,OPTIMUM GLOBAL CAPITAL MANAGEMENT LTD,VICTORIA ISLAND,NG,LAPSED
0292005697F1S6XH5B03,BESTWORTH ASSETS AND TRUST LTD,LAGOS ISLAND,NG,LAPSED
0292005703A1L1UD0B81,LEADWAY ASSET MANAGEMENT COMPANY LIMITED,LAGOS,NG,LAPSED
0292005718F2R6U4I587,EAT AND GO FINANCE SPV PLC,VICTORIA ISLAND,NG,ISSUED
0292005728C7K4C3I285,AVA GLOBAL ASSET MANAGERS LIMITED,IKOYI,NG,LAPSED
0292005731C3N0XB2D10,PAGATECH LIMITED,LAGOS,NG,LAPSED
029200573E4MD4E63E74,MRS OIL NIGERIA PLC,LAGOS,NG,ISSUED
0292005748A2L7YI0C52,SPARKLET ENERGIES LIMITED,LEKKI,NG,ISSUED
029200575B1O9B9J1B69,FUNDCO CAPITAL MANAGERS LIMITED,VICTORIA ISLAND,NG,LAPSED
0292005768F0T9U8I574,SPARKLE MICROFINANCE BANK LIMITED,LAGOS,NG,ISSUED
029200577B1R4A1B8E57,FINANCIAL TRUST CO. NIG. LTD,LAGOS,NG,ISSUED
0292005788C4L4AI2E24,ETERNA PLC,LAGOS,NG,LAPSED
0292005799B5R3J1F871,CYPRUS BAMFORD LTD,MAYO BELWA,NG,LAPSED
029200581B4K6D1K1E69,NORRENBERGER ASSET MANAGEMENT LIMITED,ABUJA,NG,ISSUED
0292005828J7Q6AI9H09,ARADEL HOLDINGS PLC,VICTORIA ISLAND,NG,ISSUED
029200582C0SC2A92C89,CONOIL PLC,LAGOS,NG,LAPSED
0292005838C2Q6D4I205,CAPITALFIELD ASSET MANAGEMENT COMPANY LIMITED,IKOYI,NG,LAPSED
0292005848F5R5Z0I584,COMERCIO PARTNERS TRADING LIMITED,LAGOS,NG,ISSUED
0292005858J8N4Z0I929,SYCAMORE INVESTMENT AND ASSET MANAGEMENT LIMITED,LAGOS,NG,ISSUED
029200586G7M16H6BG83,INTERNATIONAL ENERGY INSURANCE PLC,LAGOS,NG,LAPSED
029200587B0L8U6J1A36,AAG CAPITAL LIMITED,LAGOS,NG,ISSUED
0292005881S7D6I8B944,ELLINGTON MICROFINANCE BANK LIMITED,LEKKI,NG,ISSUED
0292005893E8R3WD4I56,SHELL THRIFT AND LOAN FUND TRUSTEES NIGERIA LTD,LAGOS ISLAND,NG,LAPSED
0292005902F2R1B3C559,PAY AFRIONE LIMITED,VICTORIA GARDEN CITY,NG,LAPSED
0292005916D1L5UG3B09,SHALOM INVESTMENT AND FINANCIAL SERVICES LIMITED,LAGOS,NG,ISSUED
029200592G3M0U86D695,TRINITY SECURITIES LIMITED,LAGOS,NG,LAPSED
0292005933J3N0X4D930,TERRALIX NIGERIA LIMITED,LAGOS,NG,ISSUED
0292005948D5S9I3F931,CHAMPION BREWERIES PLC,UYO,NG,LAPSED
0292005956B3N5YG1D77,HALLIBURTON OPERATIONS NIGERIA LIMITED,LAGOS,NG,ISSUED
029200595F3LF5D55F79,CHEMICAL AND ALLIED PRODUCTS PLC,LAGOS,NG,ISSUED
0292005967K5U7I4H585,HALDANE MCCALL PLC,LAGOS,NG,ISSUED
0292005972C1P8X9C221,ALPHA MORGAN BANK LIMITED,ABUJA,NG,LAPSED
0292005988F0O1XI5A41,HALLIBURTON ENERGY SERVICES NIGERIA LIMITED,LAGOS,NG,LAPSED
029200599C1Q62B8GC13,FAN MILK PLC,IBADAN,NG,LAPSED
0292006008E2K1DI4C96,SUPRA COMMERCIAL TRUST LIMITED,VICTORIA ISLAND,NG,LAPSED
029200601D0O3A93A780,BRITISH AMERICAN TOBACCO NIGERIA LIMITED,IBADAN,NG,LAPSED
029200602E0N6V74A684,BRITISH AMERICAN TOBACCO MARKETING NIGERIA LIMITED,LAGOS,NG,LAPSED
0292006032H5O2YC7F21,GOLDEN CAPITAL PLC,LAGOS,NG,LAPSED
0292006042E3T3B8C458,FIL CAPITAL AND ADVISORY LIMITED,LAGOS,NG,ISSUED
0292006058J6O9Z9I924,PAXHILL MINERVA REGISTRARS LIMITED,LAGOS,NG,LAPSED
0292006068H0M9Y3I771,MYRTLE ASSET MANAGEMENT AND TRUST LIMITED,VICTORIA ISLAND,NG,LAPSED
0292006078F3K4C2I513,FMDQ DEPOSITORY LIMITED,VICTORIA ISLAND,NG,ISSUED
0292006088F2T3U6I566,MARBLE ADVISORY LTD,LAGOS,NG,LAPSED
029200608J6SI9G98J15,SEVEN-UP BOTTLING COMPANY PLC,LAGOS,NG,LAPSED
0292006098J2P5W8I934,FIDUCIARY SERVICES LIMITED,VICTORIA ISLAND,NG,ISSUED
029200610B1M3Z6G1B55,FUNDVINE BERKSHIRE ASSETS MANAGEMENT LIMITED,ASOKORO,NG,LAPSED
0292006113F1S6C0D504,LANCELOT REGISTRARS AND INVESTOR RELATIONS LTD,LAGOS,NG,LAPSED
0292006127A8L6B0H025,FICUS CAPITAL AND INVESTMENT MANAGEMENT LTD,IKOYI,NG,LAPSED
0292006138A2P9XI0C65,GOLDEN SECURITIES LIMITED,LAGOS ISLAND,NG,LAPSED
0292006148G9S1C2I671,SAVEST FINANCIAL SERVICES LIMITED,ABUJA,NG,LAPSED
0292006151B2Q5D4B156,AZTRAN GLOBAL INVESTMENTS LIMITED,LEKKI,NG,ISSUED
0292006168G3N7I6D602,VEEPEE INDUSTRIES LIMITED,SANGO OTTA,NG,LAPSED
0292006178F1R6W3I595,REGIUS ASSET MANAGEMENT LIMITED,LAGOS,NG,LAPSED
0292006188F0T6D3I515,RMB NIGERIA ASSET MANAGEMENT LIMITED,LAGOS,NG,ISSUED
029200618G4RI6E88G82,WAPIC INSURANCE PLC,LAGOS,NG,LAPSED
0292006198H4N0UI7E51,PRESCO PLC,BENIN,NG,ISSUED
0292006202G3K6W8C686,ONE TRUST ASSET MANAGEMENT COMPANY LIMITED,LAGOS,NG,ISSUED
0292006211B7R6UB1H69,FOXTROT O AND G COMPANY NIGERIA LIMITED,ABUJA,NG,ISSUED
0292006228G0L6U0I659,CORDROS REGISTRARS LIMITED,LAGOS,NG,ISSUED
0292006238H0K1A8I726,PARTHIAN CAPITAL LIMITED,IKOYI,NG,ISSUED
0292006247G9Q1AH6J04,BGL SECURITIES LIMITED,VICTORIA ISLAND,NG,ISSUED
0292006253F1K6AD5B84,BGL ASSET MANAGEMENT LIMITED,VICTORIA ISLAND,NG,ISSUED
0292006262D4S2A7C327,CRANEBURG EKSG MOTORWAY COMPANY PLC,MAITAMA,NG,ISSUED
0292006278G3T6Z8I650,TSL SPV PLC,IKEJA,NG,ISSUED
0292006288B9N0U7I188,FINANCIAL AND ANALYTICS CAPITAL LIMITED,IKOYI,NG,ISSUED
029200628D9QI3J88D56,TOTAL NIGERIA PLC,LAGOS,NG,ISSUED
0292006298A7S4V8I077,NORTH SOUTH POWER COMPANY LIMITED,MAITAMA,NG,ISSUED
0292006301B3M8W6B131,TRANSGRID ENERCO LIMITED,MAITAMA,NG,ISSUED
0292006318H5O0D5I766,THE BROOK SECURITIES LIMITED,LEKKI,NG,ISSUED
0292006328J0O9C8I935,LIGHTSOURCE ASSOCIATES LIMITED,IKOYI,NG,ISSUED
0292006333F9K2ZD5J19,FUTUREVIEW SECURITIES LIMITED,LAGOS ISLAND,NG,ISSUED
0292006348D0T0WI3A50,MAVEN ASSET MANAGEMENT LIMITED,LAGOS ISLAND,NG,ISSUED
0292006358A2M4C7I057,CORONATION CAPITAL LIMITED,LAGOS,NG,ISSUED
029200635F4Q0CF5E804,MULTIVERSE PLC,LAGOS,NG,LAPSED
0292006373G4T1WD6E27,GREENWICH ASSET MANAGEMENT LIMITED,VICTORIA ISLAND,NG,ISSUED
0292006382A2T6U1C074,CURRENZO NIGERIA LIMITED,ABEOKUTA,NG,ISSUED
029200640K7U6F5H6G54,CORPORATE AFFAIRS COMMISSION,MAITAMA,NG,ISSUED
0292006412A6M4ZC0G62,BEVPAK (NIGERIA) LIMITED,LAGOS,NG,ISSUED
0292006428H5R2V9I713,TRAXPORT RAIL SERVICES LIMITED,LAGOS,NG,ISSUED
0292006430H7L9YA7H39,CORONATION SECURITIES LIMITED,LAGOS,NG,ISSUED
0292006448A6R1Y4I060,AZTRAN LIMITED,LEKKI,NG,ISSUED
0292006458A6Q4X0I096,ZICHIS AGRO-ALLIED INDUSTRIES PLC,KETU,NG,ISSUED
0292006462A4Q5C3C096,ELEKTRON FINANCE SPV PLC,LAGOS,NG,ISSUED
0292006470A0K1DA0A16,INDORAMA PET (NIGERIA) LIMITED,PORT-HARCOURT,NG,ISSUED
0292006482B0R2CC1A38,EC ASSOCIATES LTD,JAHI,NG,ISSUED
029200648E6L8VI4G586,SKYE BANK PLC,LAGOS,NG,LAPSED
0292006492C0Q7V5C287,ALPHA10 FUND MANAGEMENT LIMITED,ABUJA,NG,ISSUED
0292006506J2O5G9C721,NNPC GAS INFRASTRUCTURE COMPANY LIMITED,WARRI,NG,ISSUED
029200650F2L8WA5C537,SFS CAPITAL NIGERIA LIMITED,LAGOS,NG,ISSUED
0292006511B5K8U6B171,FAT BEEHIVE NIGERIA LIMITED,LAGOS,NG,ISSUED
0292006526C7Q5UG2H53,ARIOSH LTD,VICTORIA ISLAND,NG,ISSUED
0292006532D5N9WC3F84,GOLDENBRIDGE STOCKBROKERS LIMITED,ABUJA,NG,ISSUED
0292006548G9T2X7I649,ROYAL HORIZON IMPORT AND EXPORT LTD,LAGOS,NG,ISSUED
0292006558F4S6U6I560,SPRINGHILL CAPITAL LIMITED,LEKKI,NG,ISSUED
0292006563B8Q6BD1I39,WONDERPACK INDUSTRIES LIMITED,SANGO OTA,NG,ISSUED
0292006576F9L7G5J564,GEEPEE INDUSTRIES (NIGERIA) LTD,SANGO OTA,NG,ISSUED
0292006588J7Q7Z8I949,DEAL-ER-US LIMITED,LEKKI,NG,ISSUED
0292006596A8M6UG0I67,WACOT LIMITED,ILUPEJU,NG,ISSUED
0292006608E6L9B6I495,WEST AFRICAN CUBES LIMITED,ILUPEJU,NG,ISSUED
0292006618E9L9B4I421,RELIANCE CAPITAL LIMITED,IKEJA,NG,ISSUED
0292006627A1SH0B9793,NITROX INDUSTRIAL GASES PLC,MUSHIN,NG,ISSUED
0292006638J4T8W5I907,OGR ASSET MANAGEMENT LIMITED,LEKKI,NG,ISSUED
029200663B7M4CD1H644,TRANSNATIONAL CORPORATION OF NIGERIA PLC,LAGOS,NG,ISSUED
0292006648D0M6U8I396,FMDQ CLEAR LIMITED,VICTORIA ISLAND,NG,ISSUED
0292006655E1O3XF4B75,BANKERS WAREHOUSE LIMITED,VICTORIA ISLAND,NG,ISSUED
0292006663J7S6A3D978,DANE ASSET MANAGEMENT LIMITED,LAGOS,NG,ISSUED
0292006672A1L7D5C034,SKYMARK PARTNERS INVESTMENT MANAGEMENT LIMITED,LEKKI,NG,ISSUED
0292006681C1S9Z4B232,FINSERVE IDB LIMITED,VICTORIA ISLAND,NG,ISSUED
0292006698J8T5U6I921,PAYAZA AFRICA LIMITED,VICTORIA ISLAND,NG,ISSUED
0292006702E7O7W2C488,PARTHIAN PENSIONS LIMITED,VICTORIA ISLAND,NG,ISSUED
0292006718F4L7I5E531,COLEMAN TECHNICAL INDUSTRIES LIMITED,MOWE,NG,ISSUED
0292006722B8O1XC1I09,T-PLUS INVESTMENT LIMITED,IKEJA,NG,ISSUED
0292006731F2O1CB5C57,HEIRS HOLDINGS LIMITED,LAGOS,NG,ISSUED
0292006740B5P1UA1F08,HH CAPITAL LIMITED,LAGOS,NG,ISSUED
0292006752E3Q7D0C423,FSL REGISTRARS LIMITED,VICTORIA ISLAND,NG,ISSUED
0292006768F0N2D0I546,CORDROS ADVISORY SERVICES LIMITED,IKOYI,NG,ISSUED
0292006770D1M2B7A330,DECAREALMS LIMITED,MAGODO,NG,ISSUED
029200677A5PH0F77A63,BOC GASES NIGERIA PLC,LAGOS,NG,LAPSED
0292006783J5D9F3J594,PZ CUSSONS NIGERIA PLC,ILUPEJU,NG,ISSUED
0292006793J1T3B7D924,MCM FUNDING SPV PLC,VICTORIA ISLAND,NG,ISSUED
0292006811B9T5V4B152,VNL CAPITAL ASSET MANAGEMENT LIMITED,VICTORIA ISLAND,NG,ISSUED
0292006821F7S9A3B575,CALIFONIA EMPORIUM LIMITED,BENIN,NG,ISSUED
0292006832A6M7BC0G53,DANGOTE FERTILISER LIMITED,IKOYI,NG,ISSUED
0292006843J6M7X9D978,VROSK ENERGIES LTD,LEKKI,NG,ISSUED
029200697A0R1BH0A835,DANGOTE CEMENT PLC,LAGOS,NG,ISSUED
029200708A0O2I0A7C88,IKEJA HOTEL PLC,LAGOS,NG,ISSUED
029200711C4S4CB2E982,SEPLAT ENERGY PLC,LAGOS,NG,ISSUED
029200720E3M3A4D6D01,UNITY BANK PLC,LAGOS,NG,ANNULLED
029200738G7T8AI6H992,DIAMOND BANK PLC,LAGOS,NG,RETIRED
029200743B1R2D1B8C05,EKOCORP PLC,LAGOS,NG,LAPSED
029200758D5M0AI3F601,AXA MANSARD INSURANCE PLC,LAGOS,NG,ANNULLED
029200763B3Q6DD1D827,COMPUTER WAREHOUSE GROUP PLC,LAGOS,NG,LAPSED
029200778C1OI2B78C59,MORISON INDUSTRIES PLC,LAGOS,NG,LAPSED
029200787G9S4BH6J921,MUTUAL BENEFITS ASSURANCE PLC,LAGOS,NG,ISSUED
029200795A3T7F0D9H42,STANDARD ALLIANCE INSURANCE PLC,LAGOS,NG,LAPSED
029200807D9MH3J67D65,STERLING BANK PLC,LAGOS,NG,ISSUED
029200816A0T3G0A9D55,OKOMU OIL PALM COMPANY PLC,EDO,NG,ISSUED
029200820E8TA4I90E33,NORTHERN NIGERIA FLOUR MILLS PLC,KANO,NG,LAPSED
029200834F0E5A4F0E13,MAY BAKER NIGERIA PLC,LAGOS,NG,LAPSED
029200840G5MA6F60G17,INTERNATIONAL BREWERIES PLC,IKOYI,NG,LAPSED
029200853F4O4D5E7E34,EQUITY ASSURANCE PLC,LAGOS,NG,LAPSED
029200866E6T1G4G9B84,ELLAH LAKES PLC,PORT HARCOURT,NG,ISSUED
029200877B9T0UH1J916,ABC TRANSPORT PLC,OWERRI,NG,ISSUED
029200886B7M1G1H6B61,LASACO ASSURANCE PLC,LAGOS,NG,ISSUED
029200894A3T8E0D9I41,CUTIX PLC,NNEWI,NG,ANNULLED
029200894A3T8E0D9I44,CUTIX PLC,NNEWI,NG,ISSUED
029200901H6QB7G81H81,GLAXOSMITHKLINE CONSUMER NIGERIA PLC,LAGOS,NG,LAPSED
029200917H6Q4H7G8E08,SIGMA SECURITIES LIMITED,IKOYI,NG,LAPSED
029200926B8S2WG1I993,VALMON SECURITIES LIMITED,AJELE,NG,LAPSED
029200935H6T5YF7G932,MOUNTAIN INVESTMENT AND SECURITIES LIMITED,LAGOS,NG,LAPSED
029200944A2K5AE0C564,REGENCY ASSETS MANAGEMENT LIMITED,IKOYI LAGOS,NG,LAPSED
029200957H8L6WH7I547,REWARD INVESTMENTS SERVICIES LIMITED,LAGOS,NG,LAPSED
029200963J4S0D9E9A46,INTERSTATE SECURITIES LIMITED,IKOYI LAGOS,NG,LAPSED
029200977F4P2X9H5E60,ANCHORIA INVESTMENT AND SECURITIES LTD,LAGOS,NG,ISSUED
029200983C2P2VD2C770,CHAPEL HILL DENHAM SECURITIES LIMITED,IKOYI,NG,LAPSED
029200998D9N8AI3J664,FIDELITY SECURITIES LIMITED,LAGOS,NG,LAPSED
02CBKVAOND0BEIOF0V84,City National Corporation,Wilmington,US,RETIRED
02HN8WR90OFP8A0GSE50,MASTER LARGE CAP SERIES LLC - Master Advantage Large Cap Core Portfolio,WILMINGTON,US,LAPSED
02JFKI50Z1PQKZJVHI20,DRYDEN ARIZONA REINSURANCE TERM COMPANY,PHOENIX,US,RETIRED
02OVFKVXK48HKEH2QS85,Bently Nevada Sweden AB,Stockholm,SE,ISSUED
02Q37D0NZ4LRWNCY0996,"AVENUE CAPITAL MANAGEMENT II, L.P.",DOVER,US,ISSUED
02S2RPPVO9RP4NEU2740,Reynolds American Inc.,Raleigh,US,ISSUED
02UPBR7F2V7VU66AMC63,WORLD PROJECTS CORPORATION,BENICIA,US,LAPSED
02VFQXG2D1LR5ZH3K186,"NOBLE ENERGY, INC.",WILMINGTON,US,LAPSED
02W0Q0TGX6QQSRQ9IA54,"D. E. SHAW PLASMA PORTFOLIOS, L.L.C.",WILMINGTON,US,ISSUED
02WOK06Q485O55VORD93,"Black Stone Natural Resources II, L.P.",Wilmington,US,LAPSED
03026FQTQRJ0JSTBI779,ProShares UltraPro QQQ,WILMINGTON,US,ISSUED
031K640IPWCPFDXYCT54,CELGENE LOGISTICS SÀRL,BOUDRY,CH,LAPSED
031QX0KBEHZ8H4UOZA83,DELL INDIA PRIVATE LIMITED,BANGALORE,IN,LAPSED
034QZHP746ZKU4ZJOQ15,"KESTREL FUND, L.P.",DALLAS,US,LAPSED
037GETVS7WPFMPPA7255,AQR R.C. EQUITY AUSTRALIA FUND,Sydney,AU,RETIRED
03D0JEWFDFUS0SEEKG89,"TD Bank, National Association",Wilmington,US,ISSUED
03DZ35VFRGD62UKLL347,Select Bond Portfolio,BALTIMORE,US,ISSUED
03EINY24LQ6IXW124R72,THE BARCLAYS BANK UK RETIREMENT FUND - BARCLAYS BANK SECTION,LONDON,GB,ISSUED
03FSXRFCLY2D7WBG1D35,"MONDRIAN GLOBAL DEBT OPPORTUNITIES FUND, L.P.",WILMINGTON,US,ISSUED
03GPXCXVQD9Q6VGOXH71,"Jen-Tex Delis, Inc.",DALLAS,US,LAPSED
03HIFFV5LBCCS2H8ZB47,JNL/PIMCO INVESTMENT GRADE CREDIT BOND FUND,BOSTON,US,ISSUED
03JPEAAH2EXGWQALON23,Connecticut & K Associates LLC,Washington,US,LAPSED
03L7Q0KIHFQXHO0DKZ47,PIMCO RealEstatePLUS Collective Trust,Oaks,US,ISSUED
03P54FSI5G2DPST5NZ10,PACCAR PARTS MEXICO SA DE CV,Mexicali,MX,ISSUED
03PCBBJJTWTLWTMM8Q51,THE SEI FUNDAMENTAL U.K. EQUITY FUND,DUBLIN,IE,LAPSED
03ZYD0DYMXT2EY34WC39,Tigris Investment Holdings GP LLC,Wilmington,US,LAPSED
041IN8UC0WSUI58P8Q64,ADMINISTRADORA DE FONDOS DE PENSIONES CAPITAL S.A.,Santiago,CL,ISSUED
043NKOKWBKLYFE6S8782,Wellington Global Research Equity Fund (Australia),Sydney,AU,LAPSED
046D4BUOG9BMC7Z87B50,GARD COMMON CONTRACTUAL FUND - GARD GLOBAL CREDIT BOND FUND II,DUBLIN,IE,LAPSED
046IHU62X7U7FZ7HTU25,EMC INTERNATIONAL COMPANY,DUBLIN,IE,LAPSED
046O6TMWQL1ZGIOZ2T52,GLOBAL COMMODITY OPPORTUNITY MASTER FUND LTD.,George Town,KY,RETIRED
047O0L54B6IGCP151410,Laurion Capital Global Markets Master Fund Ltd.,Camana Bay,KY,LAPSED
04CWX5B099AKRYTY4096,GIA TECHNOLOGY KORLÁTOLT FELELŐSSÉGŰ TÁRSASÁG,BUDAPEST,HU,RETIRED
04EEB871XLHVNY4RZJ65,"CLOUD SOFTWARE GROUP, INC.",WILMINGTON,US,ISSUED
04HT12480O5245NFBQ25,"BROADBILL PARTNERS, L.P.",DOVER,US,LAPSED
04IA13ASVVY10YTJQI69,"DKF TRADING PARTNERS, L.L.C.",WILMINGTON,US,LAPSED
04IRTO64BXUIJJIKQY48,Drawbridge Global Macro Master Fund Ltd,George Town,KY,LAPSED
04JRHFZC35VTDROHZ755,GE Financing (Luxembourg) S.à r.l.,Luxembourg,LU,RETIRED
04L0CECKGPV6MIVEH709,"DISCOVERY GLOBAL OPPORTUNITY MASTER FUND, LTD.",GRAND CAYMAN,KY,ISSUED
04M1WKMGBGN5CLB3LW62,CS Investment Funds 14 - Credit Suisse (Lux) Inflation Linked USD Bond Fund,Luxembourg,LU,RETIRED
04N6BH2GW8URDY0AK302,GOLDMAN SACHS US EQUITY ESG PORTFOLIO,Luxembourg,LU,ISSUED
04VK4ASM6OJ180YRBJ15,SNAP-ON FINANCE B.V.,HELMOND,NL,ISSUED
04VNNFHPO6602KFJY821,"S & L TRAVEL PARTNERS, INC.",Aspen,US,ISSUED
04Y1L40RYNUCL020XS57,"Western Refining, Inc.",Wilmington,US,LAPSED
05193FL0UGS0OOOEL607,Map 98 Segregated Portfolio,George Town,KY,ISSUED
0552JIREPRY5ZIETIM08,FIRST ALLMERICA FINANCIAL LIFE INSURANCE COMPANY,BOSTON,US,ISSUED
05B6OC1W7N8NJQRIYS63,JANUS HENDERSON CONTRARIAN FUND,DENVER,US,ISSUED
05BPHY57BRZ28M05ST85,JPMorgan Global Allocation Fund,WILMINGTON,US,ISSUED
05CVWFXUBMG7EFUV7D43,Russell Investments Tax-Managed US Equity Class,Toronto,CA,ISSUED
05FRZ5S6CVSNZDOGF659,"Ellington Mortgage Fund-SC, Ltd.",George Town,KY,LAPSED
05HIXILZR9I6ZE339Y86,AGF Income Focus Fund,Toronto,CA,LAPSED
05MOMHE4J6RYHPOO9T26,"CREDIT SUISSE CAYMAN COMMODITY FUND II, LTD.","George Town, Grand Cayman",KY,ISSUED
05MQKGBWLLX7RPPDO189,THE MARKETING STORE WORLDWIDE (EUROPE) LIMITED,LONDON,GB,LAPSED
05NYH65HUDFHD5XPKR75,Raytheon Deutschland GmbH,Freising,DE,ISSUED
05OE87VCYRDO6EZZ2Z53,"Rockwood Asset Management, LLC",Wilmington,US,LAPSED
05QPO0N3ERB8K0CJBG58,INVITROGEN EUROPE LIMITED,PAISLEY,GB,LAPSED
05RMF5N7PP1IHZRFDD14,Archview Master Fund Ltd,George Town,KY,LAPSED
05SSOLHUYKTCJEBMKZ67,"Samana Capital, L.P.",Wilmington,US,LAPSED
05SSS4SLZOFBX4WLVU11,John Hancock Variable Insurance Trust - Natural Resources Trust,Boston,US,RETIRED
05TJV8VF12222LPBUI84,"WALNUT CREEK ENERGY, LLC",WILMINGTON,US,ISSUED
05W1OTR5D135JJRIC043,VNT III EMP LP,WILMINGTON,US,ISSUED
05X4XTIQUX90G0J6KG34,BOND US PLUS,Luxembourg,LU,ISSUED
05XOXL7DW084I0I72F95,SIIT Long Duration Credit Fund,BOSTON,US,ISSUED
060UWZVLMIQQ1VIPTQ13,Empower Large Cap Value Fund,LUTHERVILLE,US,ISSUED
063SOIU7T76V6U4D1Z94,"65th Street Restaurant, LLC",New York,US,LAPSED
0663VZI72FH2V4Z5RM37,BENNELONG GLOBAL SPECIAL OPPORTUNITIES MASTER FUND LIMITED,ST HELIER,JE,RETIRED
066NOI0U7IYJ74KLTT11,LVIP American Balanced Allocation Fund,WILMINGTON,US,ISSUED
0677F7L8DTFEBS5RWE15,CARRINGGATE LIMITED,LONDON,GB,RETIRED
06BTX5UWZD0GQ5N5Y745,WESTINGHOUSE AIR BRAKE TECHNOLOGIES CORPORATION,WILMINGTON,US,ISSUED
06FDJUS8WLNCESCVCG06,Fidelity Advisor Floating Rate High Income Fund,BOSTON,US,ISSUED
06JL2IS555ICW019ZP63,UBS (Irl) Investor Selection PLC - UBS (Irl) Investor Selection - Equity Opportunity Long Short Fund,DUBLIN,IE,ISSUED
06KSTJGIB9JUMHFNX657,Wellington Trust Company - National Association Multiple Collective Investment Funds Trust - Select Mid Cap Value Portfolio,Boston,US,LAPSED
06KU4E8OYYQ4KKNYZC23,FIELDCORE SERVICE SOLUTIONS INTERNATIONAL LLC,WILMINGTON,US,ISSUED
06LJQCOVPRXOPDHFC707,Spire Missouri Inc.,SPRINGFIELD,US,ISSUED
06ZODLC132CY1O2Y7D77,OHIO POWER COMPANY,COLUMBUS,US,ISSUED
072O784W27PKY50VXR38,PioneerPath Capital Ltd.,George Town,KY,RETIRED
073EHGTNSD474BOQQY76,"GABRIEL ASSETS, LLC",DOVER,US,LAPSED
073LKXEKEP6T62NK2G42,CITI BANK UGANDA LIMITED,Kampala,UG,ISSUED
07BUS8UTTPW0D72K9M62,AQR Managed Futures Strategy Fund,DOVER,US,ISSUED
07E0OS324BS4YWEU6P89,Stone Tower CLO IV Ltd.,George Town,KY,RETIRED
07F5H7W3ET8ZLWNMFP29,STATE STREET GLOBAL ADVISORS EUROPE LIMITED,DUBLIN,IE,ISSUED
07KYHSXJ04RX22KFNC38,Paramount Global Master Trust,New York,US,ISSUED
07Q4EPZRU8XATVYVY545,NUVEEN MORTGAGE AND INCOME FUND,BOSTON,US,ISSUED
07ROV40HIZGU2Q6OXJ58,Medical College of Virginia Hospitals Authority,Richmond,US,LAPSED
07U30JMO0W0YIMFFC542,PACIFIC LIFE FUND ADVISORS LLC,WILMINGTON,US,ISSUED
07ZEF3EIUGQW1EIF0X44,"BlackRock Credit Investors Master Fund II, L.P.",New York,US,LAPSED
080E55H05V3Q28TM0667,UltraEmerging Markets ProFund,WILMINGTON,US,ISSUED
080WHXIMIUN3VBNGBF81,FRANKLIN TEMPLETON GLOBAL TRUST - TEMPLETON GLOBAL CURRENCY FUND,WILMINGTON,US,RETIRED
086WPJWWOQ6KSLE0KJ22,Orange County Employees Retirement System,Santa Ana,US,ISSUED
087CRJBQBA7S94JX5553,"GENON ENERGY MANAGEMENT, LLC",WILMINGTON,US,ISSUED
08A3P7K45VMKSIACHJ27,GE WATER AND PROCESS TECHNOLOGIES COMPANY LIMITED,BANG PHLI,TH,LAPSED
08BZIW7S4NU6VLSVN005,Nomura International Core Equity Fund,WILMINGTON,US,ISSUED
08C2IQ0VM1B2PBTVHC56,"RED HAT, LLC",WILMINGTON,US,ISSUED
08HGTHG281BFQRFCD148,MFS South Carolina Municipal Bond Fund,BOSTON,US,ISSUED
08IRJODWFYBI7QWRGS31,Weyerhaeuser Company,TUMWATER,US,LAPSED
08J21IH6Q4W00ZCQXZ23,"GE HANGWEI MEDICAL SYSTEMS CO., LTD.",BEIJING,CN,ISSUED
08JWGI4PRM2SC1CRME29,"Sanford C. Bernstein Fund, Inc. - U.S. Government Short Duration Portfolio",Baltimore,US,LAPSED
08RI2FIP1DED1BHGKY41,ConocoPhillips Canada Funding Company II,Halifax,CA,RETIRED
08SI5FWHREFNH6HSDI41,"Sound Energy Partners, Inc.",Dover,US,LAPSED
08SV6QKXWVRNZ61BWT04,"Park South, L.L.C.",Metairie,US,LAPSED
08UAFFJ0HIGG08VL2Y15,"ANCHORAGE ILLIQUID OPPORTUNITIES OFFSHORE MASTER III, L.P.",GEORGE TOWN,KY,LAPSED
096L4QQUI0SCJPOJJE58,GS JAPAN FIXED INCOME PLUS MOTHER FUND,TOKYO,JP,LAPSED
097900BEF50000000472,VBRW s.r.o.,Hrochoť,SK,LAPSED
097900BEF50000000569,"Prvá stavebná sporiteľňa, a. s.",Bratislava,SK,ISSUED
097900BEFH0000000120,"SHIFT, a.s.",Bratislava-Staré Mesto,SK,LAPSED
097900BEFH0000000217,"Centrálny depozitár cenných papierov SR, a.s.",Bratislava,SK,ISSUED
097900BEGK0000000311,"DLHOPIS, o.c.p., a.s.",Bratislava,SK,RETIRED
097900BEGX0000000644,JPT Investment a.s. investičný fond s premenlivým základným imaním,Košice - mestská časť Sever,SK,ISSUED
097900BEH60000001674,"VÚB AM FLEXIBLE MAGNIFICA FUND, otvorený podielový fond VÚB Asset Management, správ. spol., a.s.",Bratislava 24,SK,RETIRED
097900BEHQ0000000743,"LETICIA INVESTMENT, a. s.",Bratislava - mestská časť Staré Mesto,SK,ISSUED
097900BEHQ0000000840,"Pro Diagnostic Group, a. s.",Bratislava,SK,LAPSED
097900BEHZ0000001466,"Slovalco, a.s.",Žiar nad Hronom,SK,ISSUED
097900BEJL0000001761,"IS - Industry Solutions, a.s.",Žilina,SK,ISSUED
097900BEJQ0000001904,FINANSOVA KASHTA BROKOM,Sofia,BG,LAPSED
097900BEJR0000002049,SLOVKORD Plus a.s.,Senica,SK,RETIRED
097900BEJX0000001852,"ZSE Energia, a.s.",Bratislava,SK,RETIRED
097900BEJX0000002143,"INDEX, indexový negarantovaný dôchodkový fond VÚB Generali dôchodková správcovská spoločnosť, a.s.",Bratislava,SK,ISSUED
097900BEJX0000002240,"KLASIK, dlhopisový garantovaný dôchodkový fond VÚB Generali dôchodková správcovská spoločnosť, a.s.",Bratislava,SK,ISSUED
097900BEJX0000002337,"SMART, inovatívny negarantovaný dôchodkový fond VÚB Generali dôchodková správcovská spoločnosť, a.s.",Bratislava,SK,ISSUED
097900BEJX0000002434,"PROFIT, akciový negarantovaný dôchodkový fond VÚB Generali dôchodková správcovská spoločnosť, a.s.",Bratislava,SK,ISSUED
097900BEJY0000002676,VEKOZ s.r.o.,Nižná Hutka,SK,RETIRED
097900BEJZ0000002530,"TATRA EXPERTISE, s.r.o.",Liptovský Mikuláš,SK,LAPSED
097900BEK30000004328,Magyar-Norvég Iroda és Design Center Korlátolt Felelősségű Társaság,Budapest,HU,ISSUED
097900BEK50000004521,"Group Cloud Solutions, s. r. o.",Bratislava,SK,RETIRED
097900BEK50000005394,"Regional Card Processing Centre, s. r. o.",Bratislava - mestská časť Staré Mesto,SK,LAPSED
097900BEK60000004666,"Tatra Residence, s.r.o.",Bratislava,SK,RETIRED
097900BEK60000004860,"Tatra-Leasing, s.r.o.",Bratislava,SK,ISSUED
097900BEK60000004957,"BA Development, s.r.o.",Bratislava,SK,LAPSED
097900BEK60000005054,"BA Development II., s.r.o.",Bratislava,SK,RETIRED
097900BEK60000005151,"Dúbravčice, s.r.o.",Bratislava,SK,LAPSED
097900BEK60000005248,"PRODEAL, a.s.",Bratislava,SK,RETIRED
097900BEKC0000002734,"BEVY - MRAMOR, spol. s r.o.",Bratislava,SK,RETIRED
097900BEKI0000003022,"AD REAL INVEST, s.r.o.",Bratislava,SK,ISSUED
097900BEKI0000003119,DD REAL INVEST a.s.,Bratislava,SK,ISSUED
097900BEKK0000002827,GRAIN EXPRESS SRL,ORADEA,RO,ISSUED
097900BEKP0000003358,"AEROSPOOL, spol. s r.o.",Prievidza,SK,LAPSED
097900BEKR0000004036,"IMEXIM TS, a.s.",Bratislava,SK,LAPSED
097900BEKX0000004227,TOTUS s.r.o. v likvidácii,Bratislava,SK,RETIRED
097900BEL10000005682,"Wüstenrot poisťovňa, a.s.",Bratislava - mestská časť Petržalka,SK,ISSUED
097900BEL10000005876,At The Base N.V.,Kampenhout,BE,LAPSED
097900BEL10000005973,"CONTINENTAL FILM, s.r.o.",Bratislava,SK,ISSUED
097900BELD0000004478,"Tatra Residence,a.s.",Bratislava,SK,LAPSED
097900BELD0000004769,"TL leasing, s.r.o.",Bratislava,SK,RETIRED
097900BELH0000001081,P13 Retail park s. r. o.,Bratislava-Ružinov,SK,LAPSED
097900BELH0000005446,"CAT - Z, s.r.o.",Orechová Potôň,SK,LAPSED
097900BELL0000005735,"BE Group Slovakia, s.r.o.",Michalovce,SK,LAPSED
097900BELS0000005586,"Wüstenrot stavebná sporiteľňa, a.s.",Bratislava - mestská časť Petržalka,SK,ISSUED
097900BEMB0000006078,Maltech Hungária Építőipari Szolgáltató és Kereskedelmi Korlátolt Felelősségű Társaság,Győr,HU,ISSUED
097900BEMJ0000006171,"Общество с ограниченной ответственностью ""МАТАДОР Аутомотив Рус""",Нижний Новгород,RU,LAPSED
097900BEMQ0000006410,"Asset Management Slovenskej sporiteľne, správ. spol., a.s.",Bratislava,SK,RETIRED
097900BEMQ0000006507,Vysoká škola manažmentu,Bratislava - mestská časť Petržalka,SK,ISSUED
097900BEMT0000006748,"HATU Capital, s.r.o.",Žilina,SK,LAPSED
097900BEMW0000006310,"ČSOB stavebná sporiteľňa, a.s.",Bratislava,SK,RETIRED
097900BEMW0000006989,"ODDO REAL, s.r.o.",Bratislava - Ružinov,SK,LAPSED
097900BEMX0000006649,"uab ""Singlis""",vilnius,LT,LAPSED
097900BEMX0000007037,R.P.M. s.r.o.,Prešov,SK,ISSUED
097900BFB00000007124,OFFICE PRO - TRUDON s.r.o.,Bardejov,SK,ISSUED
097900BFB00000008288,"MPEA, a. s.",Bratislava - mestská časť Staré Mesto,SK,LAPSED
097900BFB00000008385,"ORAVA retail, s. r. o.",Bratislava,SK,LAPSED
097900BFB00000008676,"PRONAR, spol. s r.o.",Zlaté Moravce,SK,ISSUED
097900BFB00000008773,"MATERASSO Slovakia, s.r.o.",Oravské Veselé,SK,ISSUED
097900BFB40000007898,"UniCredit Leasing Insurance Services, s. r. o.",Bratislava,SK,ISSUED
097900BFB40000008577,"Metalflex, s.r.o.",Banská Bystrica,SK,LAPSED
097900BFB40000009062,KOMATEQ a.s.,Revúca,SK,LAPSED
097900BFB40000009159,"VÚB Factoring, a.s.",Bratislava,SK,RETIRED
097900BFB40000009256,"Železničná spoločnosť Cargo Slovakia, a.s.",Bratislava - mestská časť Ružinov,SK,ISSUED
097900BFBJ0000007250,SAMOBORSKA BANKA dioničko društvo,Samobor,HR,ISSUED
097900BFBP0000007344,"Poľnonákup Galanta, a.s.",Sereď,SK,LAPSED
097900BFBV0000008117,NCT Ipari Elektronikai Kft.,Budapest,HU,LAPSED
097900BFBW0000007583,"UniCredit Broker, s. r. o.",Bratislava,SK,ISSUED
097900BFBW0000007680,"UniCredit Leasing Slovakia, a.s.",Bratislava,SK,ISSUED
097900BFBW0000007777,"UniCredit Fleet Management, s.r.o.",Bratislava,SK,ISSUED
097900BFBW0000007971,"INPROX Poprad, spol. s r.o.",Bratislava,SK,RETIRED
097900BFBW0000008068,"INPROX SR I., spol. s r.o.",Bratislava,SK,RETIRED
097900BFC00000020214,"AUTOSÚČIASTKY IMPORT - EXPORT, s.r.o.",Martin,SK,LAPSED
097900BFCC0000009483,"VÚB Leasing, a. s.",Bratislava,SK,RETIRED
097900BFCC0000009580,"Consumer Finance Holding, a.s.",Kežmarok,SK,RETIRED
097900BFCD0000008464,"BEP, s.r.o.",Košice,SK,ISSUED
097900BFCD0000008852,ŠNEGOŇ s.r.o.,Orechová Potôň,SK,LAPSED
097900BFCD0000009628,"BENESTRA, s. r. o.",Bratislava,SK,RETIRED
097900BFCD0000009725,"TEDA, a.s.",Bratislava,SK,RETIRED
097900BFCK0000009867,FITERMAN PHARMA SRL,IAȘI,RO,ISSUED
097900BFCN0000010884,Bike Mate s.r.o.,Senica,SK,ISSUED
097900BFCN0000010981,"Union poisťovňa, a. s.",Bratislava,SK,ISSUED
097900BFCN0000013891,TOWER s.r.o.,Košice,SK,ISSUED
097900BFCR0000011076,KONDELA s.r.o.,Tvrdošín,SK,ISSUED
097900BFCY0000018105,"BELUMI PUMPY, s.r.o.",Nové Zámky,SK,LAPSED
097900BFCZ0000013788,"ADANO, s.r.o.",Veľký Krtíš,SK,LAPSED
097900BFD00000023895,"Manz Slovakia, s. r. o.",Nové Mesto nad Váhom,SK,LAPSED
097900BFD10000023943,"Green Point Offices, a.s.",Bratislava,SK,LAPSED
097900BFDD0000020345,Podielnicke družstvo DUNAJ,Bratislava - Rusovce,SK,LAPSED
097900BFDE0000021363,"BAUREA, spol. s r.o.",Bratislava,SK,ISSUED
097900BFDE0000021460,"MicroStep, spol. s r.o.",Bratislava,SK,LAPSED
097900BFDE0000021848,"FeMaDa, s.r.o.",Papradno,SK,LAPSED
097900BFDR0000022084,"KOMUNÁLNA poisťovňa, a.s. Vienna Insurance Group",Bratislava,SK,ISSUED
097900BFDR0000022181,"K & K, spol. s r.o.",Kysucké Nové Mesto,SK,LAPSED
097900BFDR0000022278,HB REAVIS CONSTRUCTION UK LTD,London,GB,LAPSED
097900BFDR0000022763,"VERKO, s.r.o.",Nitra,SK,ISSUED
097900BFDR0000022860,Slovenská plavba a prístavy a.s.,Bratislava,SK,ISSUED
097900BFDR0000023054,ANECT a.s.,Bratislava,SK,ISSUED
097900BFDR0000023248,LUXLINE spol. s r.o.,Nové Zámky,SK,LAPSED
097900BFDS0000021938,"VOMS, s.r.o.",Stráža,SK,LAPSED
097900BFDS0000023102,Lentes Finance s.r.o.,Banská Bystrica,SK,LAPSED
097900BFDS0000023393,"AQUAPARK Poprad, s.r.o.",Poprad,SK,LAPSED
097900BFDY0000022323,Commercial Bank Victoria EAD,Sofia,BG,LAPSED
097900BFDY0000023584,"SPX, s.r.o.",Žilina,SK,ISSUED
097900BFDZ0000023438,M ä s p o m a spol. s r.o.,Zvolen,SK,ISSUED
097900BFDZ0000023632,LEYARD EUROPE s.r.o.,Záborské,SK,ISSUED
097900BFE40000025246,"ČSOB Poisťovňa, a.s.",Bratislava,SK,ISSUED
097900BFE40000025828,"ELGAS, s.r.o.",Považská Bystrica,SK,ISSUED
097900BFE40000025925,"NOVIS Insurance Company, NOVIS Versicherungsgesellschaft, NOVIS Compagnia di Assicurazioni, NOVIS Poisťovňa a.s.",Bratislava,SK,ISSUED
097900BFE40000026022,"CONEX - TRADE, spol. s r.o. Košice",Košice,SK,ISSUED
097900BFE50000026167,"Asset Management Slovenskej sporiteľne, správ. spol., a.s., Inštitucionálny I2, o.p.f.",Bratislava,SK,RETIRED
097900BFEI0000024027,MANDRA S.A.,Barlad,RO,LAPSED
097900BFEI0000024124,"DOL GROUP, s.r.o.",Žilina,SK,LAPSED
097900BFEI0000024318,"Cargo Wagon, a.s.",Bratislava,SK,ISSUED
097900BFEI0000024415,"ŠIKOTRANS, s.r.o.",Kúty,SK,LAPSED
097900BFEI0000024512,"KTS Trading and Consulting, s.r.o.",Košťany nad Turcom,SK,LAPSED
097900BFEJ0000024657,"Slovenská záručná a rozvojová banka, a. s.",Bratislava - mestská časť Staré Mesto,SK,ISSUED
097900BFEK0000024220,"KOOPERATIVA poisťovňa, a.s. Vienna Insurance Group",Bratislava,SK,ISSUED
097900BFEO0000009377,KMK INVESTMENT s.r.o.,Humenné,SK,LAPSED
097900BFEO0000009959,"Poštová poisťovňa, a.s.",Bratislava,SK,RETIRED
097900BFEO0000013936,"AEGON partner, s.r.o.",Bratislava,SK,RETIRED
097900BFEQ0000024896,"Veolia Energia Levice, a.s.",Bratislava - mestská časť Petržalka,SK,ISSUED
097900BFEQ0000024993,UDENCO s.r.o.,Nitra,SK,ISSUED
097900BFEU0000007434,WIDO s.r.o.,Bratislava - Dúbravka,SK,LAPSED
097900BFEX0000025717,"AUTO-MOTO RS, s. r.o.",Rimavská Sobota,SK,LAPSED
097900BFEY0000024795,UNIMILK s.r.o.,Smíchov,CZ,LAPSED
097900BFEY0000025086,"Poisťovňa Slovenskej sporiteľne, a.s. Vienna Insurance Group",Bratislava,SK,RETIRED
097900BFF10000026455,Verticoin Limited,Londýn,GB,RETIRED
097900BFF30000027036,SOITRON Group SE,Bratislava,SK,ISSUED
097900BFF30000027133,"ATC-JR, s.r.o.",Púchov,SK,ISSUED
097900BFF30000027327,"BIKE PEAK, s.r.o.",Oslany,SK,LAPSED
097900BFF40000027569,"MLYNY, a.s.",Nitra,SK,LAPSED
097900BFFH0000026257,Aricoma Systems s.r.o.,Bratislava - mestská časť Petržalka,SK,ISSUED
097900BFFO0000026302,INVEST 29 - Westend Square a. s.,Bratislava,SK,ISSUED
097900BFFP0000026835,"StoneFly, s.r.o.",Lučenec,SK,RETIRED
097900BFFW0000026977,"COBA Automotive, s.r.o.",Terchová,SK,LAPSED
097900BFG40000029116,"BARBARA Slovensko, s.r.o.",Čaňa,SK,LAPSED
097900BFG40000029213,"AGROCASS plus, spol. s r.o.",Čaňa,SK,LAPSED
097900BFG40000029310,Leddiszkont,Budapest,HU,LAPSED
097900BFGD0000027664,WINFER spol. s r.o.,Dunajská Streda,SK,ISSUED
097900BFGD0000027761,"ELBA, a.s.",Kremnica,SK,ISSUED
097900BFGI0000027225,"UNIQA poisťovňa, a.s.",Bratislava,SK,RETIRED
097900BFGK0000027806,"GA Drilling, a. s.",Trnava,SK,LAPSED
097900BFGM0000028193,LITAGROS PREKYBA,Vilnius,LT,LAPSED
097900BFGM0000028387,FPI Investment,Kaunas,LT,LAPSED
097900BFGM0000028484,"ACCORD, a.s.",Trenčín,SK,RETIRED
097900BFGQ0000028094,"INDEX Global - Indexový negarantovaný dôchodkový fond NN dôchodková správcovská spoločnosť, a.s.",Bratislava,SK,ISSUED
097900BFGQ0000028579,HTS BB s.r.o.,Vlkanová,SK,LAPSED
097900BFGQ0000028676,SLOVUNITED s. r. o.,Bratislava - mestská časť Rača,SK,ISSUED
097900BFGQ0000028773,FV powerhouse 1 s.r.o.,Bratislava - mestská časť Rača,SK,ISSUED
097900BFGQ0000028870,EcoPlan 6 s.r.o.,Bratislava - mestská časť Rača,SK,ISSUED
097900BFGZ0000026586,"AZOR Gama, s.r.o.",Spišská Nová Ves,SK,RETIRED
097900BFH50000030808,"RM - S Market o.c.p., a.s.",Bratislava - mestská časť Staré mesto,SK,ISSUED
097900BFHH0000030134,ŠROTSERVIS s. r. o.,Bratislava,SK,LAPSED
097900BFHJ0000029454,Hrvatski Telekom d.d.,Zagreb,HR,ISSUED
097900BFHJ0000030230,"RESCO, S.R.O.",Bratislava - mestská časť Ružinov,SK,LAPSED
097900BFHJ0000030327,"BAUEN Folie CZ, s.r.o.",Krnov,CZ,ISSUED
097900BFHK0000030666,"PRIFOL, s. r. o.",Rozhanovce,SK,LAPSED
097900BFHO0000028918,Tammsaare OÜ,Albu,EE,LAPSED
097900BFHQ0000029014,AS PEETRI POLD JA PIIM,"Peetri alevik, Kareda vald",EE,LAPSED
097900BFHQ0000030469,KOSIT a.s.,Košice,SK,LAPSED
097900BFHQ0000030566,INCOS a.s.,Hodonín,CZ,ISSUED
097900BFHV0000029545,UAB Gimtoji zemele,Vilnius,LT,LAPSED
097900BFHV0000029739,UAB ''ŽEMĖS VYSTYMO FONDAS 2'',Vilnius,LT,ISSUED
097900BFHV0000029836,"UAB ""ŽEMĖS VYSTYMO FONDAS 8""",VILNIUS,LT,ISSUED
097900BFHV0000029933,UAB ''ŽEMĖS VYSTYMO FONDAS 1'',Vilnius,LT,ISSUED
097900BFHY0000030077,MSM GROUP s.r.o.,Dubnica nad Váhom,SK,ISSUED
097900BFI10000031581,Twin City II a. s.,Bratislava - mestská časť Staré Mesto,SK,ISSUED
097900BFI10000031872,"BEVEX - BANSKÝ VÝSKUM, spol. s r.o.",Prievidza,SK,ISSUED
097900BFI10000032260,UAB Kauno Raudondvario PC,Vilnius,LT,ISSUED
097900BFIH0000031345,"DDK SLOVAKIA, spol. s r.o.",Senica,SK,ISSUED
097900BFIM0000031003,ЗАСТРАХОВАТЕЛНО ДРУЖЕСТВО СЪГЛАСИЕ,SOFIA,BG,ISSUED
097900BFIM0000031488,"PROXENTA Private Equity, s. r. o.",Bratislava - mestská časť Staré Mesto,SK,ISSUED
097900BFIM0000031682,APS Beta Bulgaria,Sofia,BG,LAPSED
097900BFIM0000031779,S-PLUS TRADE CONSULTING s.r.o.,Vranov nad Topľou,SK,ISSUED
097900BFIT0000031921,"Štalker, storitve in svetovanje, d.o.o.",Ljubljana,SI,LAPSED
097900BFIT0000032018,IVIM s.r.o. Trebišov,Trebišov,SK,ISSUED
097900BFIT0000032115,BAUEN s.r.o.,Topoľovka,SK,ISSUED
097900BFIV0000032696,"KK Company, a.s.",Vlkanová,SK,ISSUED
097900BFJ30000034194,"MOBILE SLOVAKIA, s. r. o.",Nová Dubnica,SK,RETIRED
097900BFJD0000027417,"Go2Sky, spol. s r.o.",Bratislava - mestská časť Ružinov,SK,ISSUED
097900BFJD0000032849,SMIRODAVA SA,ROMAN,RO,LAPSED
097900BFJD0000033140,AMDR s.r.o.,Spišská Nová Ves,SK,LAPSED
097900BFJD0000033334,TRITRI House S.á r.l.,Luxembourg,LU,ISSUED
097900BFJR0000033909,"Rohovce Power, s.r.o.",Bratislava,SK,LAPSED
097900BFJR0000034006,"AZOR Alpha, s.r.o.",Poprad,SK,LAPSED
097900BFJS0000033763,SC TOTALGAZ INDUSTRIE SRL,IASI,RO,LAPSED
097900BFJS0000033860,"Chirana, a.s.",Stará Turá,SK,LAPSED
097900BFJW0000033567,"Akcinė bendrovė ""Kauno tiltai""",Kaunas,LT,ISSUED
097900BFJW0000034343,"UAB ""KURANA""",Pasvalio r. sav.,LT,ISSUED
097900BFJW0000034440,Moris Slovakia s.r.o.,Košice,SK,LAPSED
097900BFJY0000031141,MOLD STEEL IMPORT-EXPORT,IASI,RO,LAPSED
097900BFJZ0000034681,PROPIO s. r. o.,Bratislava,SK,LAPSED
097900BFK10000035936,KOMAX SK s. r. o.,Bratislava,SK,LAPSED
097900BFK10000036033,JOMAX SK s. r. o.,Bratislava,SK,LAPSED
097900BFK10000036130,TAMAX SK s. r. o.,Dolný Kubín,SK,LAPSED
097900BFK10000036324,"janom FVE 3, s. r. o.",Dohňany,SK,LAPSED
097900BFK10000036421,"janom FVE 4, s. r. o.",Dohňany,SK,LAPSED
097900BFK10000036518,"janom FVE 5, s. r. o.",Dohňany,SK,LAPSED
097900BFK40000035789,CITY GATE SRL,"Bucureşti, Sectorul 1",RO,LAPSED
097900BFK40000035886,CITY GATE BUCHAREST SRL,"Bucureşti, Sectorul 1",RO,LAPSED
097900BFK40000036759,"FINA, s.r.o.",Chynorany,SK,ISSUED
097900BFK40000037050,AVENTURA Lifestyle s.r.o.,Smižany,SK,LAPSED
097900BFK40000037244,"FLEXIBILNÝ KONZERVATÍVNY FOND, otvorený podielový fond Eurizon Asset Management Slovakia, správ. spol., a.s.",Bratislava 24,SK,RETIRED
097900BFKF0000034835,"VIP HANDLING, a. s.",Bratislava,SK,ISSUED
097900BFKF0000035126,Sky Hotels Group Korlátolt Felelősségű Társaság,Budapest,HU,ISSUED
097900BFKJ0000034930,"Akcinė bendrovė ""VILNIAUS DEGTINĖ""",Vilnius,LT,LAPSED
097900BFKM0000035268,"LUSK SK, s.r.o.",Medzilaborce,SK,RETIRED
097900BFKM0000035365,NAJPI a. s.,Senica,SK,ISSUED
097900BFKO0000034297,"GREEN POINT, spol. s r.o.",Farná,SK,LAPSED
097900BFKO0000035461,"INTERAGROS, a. s.",Trnava,SK,ISSUED
097900BFKO0000035655,"SLADOVŇA, a.s. Michalovce",Michalovce,SK,ISSUED
097900BFKX0000036281,COTTONTRADE LIMITED,"Auckland Central, Auckland",NZ,RETIRED
097900BFL50000038160,24 Development s.r.o.,Bratislava - mestská časť Staré Mesto,SK,LAPSED
097900BFLE0000036968,"Virte, a. s.",Dubnica nad Váhom,SK,ISSUED
097900BFLE0000037356,"Aqua Wellness Trnava, spol. s r.o.",Trnava,SK,ISSUED
097900BFLY0000037734,"AZOR Epsilon, s. r. o.",Bratislava,SK,RETIRED
097900BFLZ0000037685,"PRP, s.r.o.",Tomášovce,SK,ISSUED
097900BFM30000039514,NOPE a.s.,Bratislava,SK,LAPSED
097900BFM30000040096,"GEVORKYAN, a.s.",Vlkanová,SK,ISSUED
097900BFM40000039465,"Uždaroji akcine bendrove ""MANTINGA""",Marijampole,LT,LAPSED
097900BFME0000038276,"ACRA Europe, a.s.",Bratislava - mestská časť Ružinov,SK,RETIRED
097900BFMI0000038371,S-PLUS TRADE EXIM s.r.o.,Vranov nad Topľou,SK,ISSUED
097900BFMP0000038416,"HANDLOVSKÁ ENERGETIKA, s.r.o.",Handlová,SK,LAPSED
097900BFMP0000038610,RUBICON INVESTMENTS ZÁRTKÖRŰEN MŰKÖDŐ RÉSZVÉNYTÁRSASÁG,Szentendre,HU,ISSUED
097900BFMQ0000038852,"Peak Oil Management, a. s.",Bratislava - mestská časť Ružinov,SK,LAPSED
097900BFMQ0000038949,Fuel Traders Corporation s. r. o.,Bratislava,SK,LAPSED
097900BFMV0000038704,"UAB ""Novian Technologies""",Vilnius,LT,ISSUED
097900BFMV0000039286,"Central Services Management SK, s.r.o.",Bratislava,SK,LAPSED
097900BFMW0000038558,AlfaCommerce Group,Sofia,BG,LAPSED
097900BGB00000041059,SATUR TRAVEL a.s.,Bratislava,SK,LAPSED
097900BGB00000041253,HUDOS s.r.o.,Bardejov,SK,LAPSED
097900BGB10000040331,Rehoľa dominikánov na Slovensku,Zvolen,SK,ISSUED
097900BGB10000040816,ПЕРСИ,София,BG,LAPSED
097900BGB40000041348,"TSR Slovakia, s.r.o.",Bytča,SK,ISSUED
097900BGB40000041639,KLM Šamorín s.r.o.,Bratislava,SK,LAPSED
097900BGB40000041736,HMC Real 2 s. r. o.,Vlkanová,SK,ISSUED
097900BGBI0000040226,Net Rent spol. s r.o.,Žilina,SK,ISSUED
097900BGBM0000040127,"MONTRE, s.r.o.",Bratislava,SK,LAPSED
097900BGBW0000041577,"CRONUS Invest, a.s.",Zvolen,SK,RETIRED
097900BGCC0000041828,"EUROSPECTRUM, s.r.o.",Podtureň,SK,LAPSED
097900BGCC0000041925,"""Fortesta LT"", UAB",Vilnius,LT,LAPSED
097900BGCK0000039108,"ABS SPV, spol. s r. o. v likvidácii",Bratislava,SK,RETIRED
097900BGCL0000039059,"KLAS, s.r.o.",Veľký Krtíš,SK,LAPSED
097900BGCW0000040654,UAB Naujamiesčio NT,Vilniaus,LT,LAPSED
097900BGCW0000042109,"Akcinė bendrovė ""Novaturas""",Kaunas,LT,LAPSED
097900BGCW0000042303,"Equinox Trade, s.r.o.",Dunajská Streda,SK,LAPSED
097900BGCW0000042497,"RGT Express, s.r.o.",Bánovce nad Bebravou,SK,RETIRED
097900BGCZ0000042544,ABOV Slovakia s.r.o.,Rudník,SK,LAPSED
097900BGDB0000038044,"Berkov, s.r.o.",Bratislava,SK,LAPSED
097900BGDI0000042842,"MHA Slovakia, s.r.o.",Bratislava,SK,LAPSED
097900BGDK0000042647,UAB JUNONALT,Kaunas,LT,ISSUED
097900BGDK0000042744,"Žemės ūkio kooperatyvas ""Linkuvos kraštas""",Kybartai,LT,LAPSED
097900BGDO0000043130,GeWiS Slovakia s.r.o.,Prievidza,SK,DUPLICATE
097900BGDQ0000043226,"Wittee, a. s.",Bratislava,SK,LAPSED
097900BGDQ0000043323,"ENERGYCO, s.r.o.",Rožňava,SK,LAPSED
097900BGDS0000043613,MARVEL P.I. & T. spoločnosť s ručením obmedzeným Bardejov,Bardejov,SK,ISSUED
097900BGDS0000043710,City-Arena PLUS a.s.,Trnava,SK,ISSUED
097900BGDS0000043807,"City-Arena servis, s.r.o.",Trnava,SK,ISSUED
097900BGDS0000043904,"ICS Slovakia, spol. s r.o.",Veľký Folkmar,SK,LAPSED
097900BGDW0000044096,"EUROSWEET, s.r.o.",Boľkovce,SK,LAPSED
097900BGDW0000044193,"Energy Europe, SE",Bratislava,SK,LAPSED
097900BGDY0000044483,GERDA Slovakia s. r. o.,Bratislava,SK,LAPSED
097900BGE00000045603,LEZOMA s.r.o.,Dunajská Streda,SK,LAPSED
097900BGE00000045797,"AIR-TRANSPORT EUROPE, s.r.o.",Poprad,SK,LAPSED
097900BGE10000044681,Slavomír Binčík junior,Kostolište 266,SK,ISSUED
097900BGE40000045989,Rastislav Šubjak - Rašub,Tvrdošín,SK,ISSUED
097900BGEE0000044346,BOHUŠ s.r.o.,Závadka nad Hronom,SK,LAPSED
097900BGEW0000044240,БЕНЧМАРК ГРУП,София,BG,ISSUED
